--,total2015-2016,total2016-2017,total2017-2018,total2018-2019,total2019-2020,total2020-2021,-2021-2022,sociales+jur2015-2016,sociales+jur2016-2017,sociales+jur2017-2018,sociales+jur2018-2019,sociales+jur2019-2020,sociales+jur2020-2021,-2021-2022,ing+arqui2015-2016,ing+arqui2016-2017,ing+arqui2017-2018,ing+arqui2018-2019,ing+arqui2019-2020,ing+arqui2020-2021,-2021-2022,arte+hum2015-2016,arte+hum2016-2017,arte+hum2017-2018,arte+hum2018-2019,arte+hum2019-2020,arte+hum2020-2021,-2021-2022,c.salud2015-2016,c.salud2016-2017,c.salud2017-2018,c.salud2018-2019,c.salud2019-2020,c.salud2020-2021,-2021-2022,ciencias2015-2016,ciencias2016-2017,ciencias2017-2018,ciencias2018-2019,ciencias2019-2020,ciencias2020-2021,-2021-2022,genero,universidad_tipo,formato
            Ambos sexos,-,-,-,-,-,-,-,-,-,-,-,-,-,-,-,-,-,-,-,-,-,-,-,-,-,-,-,-,-,-,-,-,-,-,-,-,-,-,-,-,-,-,ambos_sexos,ambas,ambos_formatos
                Total,10483.0,10848.0,10531.0,10409.0,10596.0,10915.0,11000.0,4970.0,5032.0,5065.0,4791.0,5115.0,5076.0,5043.0,1463.0,1404.0,1287.0,1390.0,1275.0,1404.0,1538.0,941.0,966.0,891.0,852.0,873.0,883.0,789.0,2432.0,2713.0,2569.0,2668.0,2618.0,2816.0,2986.0,677.0,733.0,719.0,708.0,715.0,736.0,644.0,ambos_sexos,ambas,ambos_formatos
                Espa񡻹952.0,10132.0,9836.0,9637.0,9877.0,10183.0,10183.0,4756.0,4725.0,4809.0,4474.0,4811.0,4831.0,4742.0,1395.0,1335.0,1195.0,1298.0,1182.0,1244.0,1393.0,896.0,913.0,840.0,789.0,836.0,840.0,758.0,2255.0,2461.0,2299.0,2387.0,2350.0,2551.0,2665.0,650.0,698.0,693.0,689.0,698.0,717.0,625.0,-,ambos_sexos,ambas,ambos_formatos
                Uni󮠅uropea,208.0,335.0,290.0,319.0,311.0,244.0,313.0,63.0,119.0,59.0,86.0,84.0,45.0,86.0,8.0,9.0,9.0,7.0,12.0,15.0,8.0,16.0,16.0,12.0,17.0,20.0,13.0,10.0,118.0,185.0,207.0,206.0,190.0,164.0,202.0,3.0,6.0,3.0,3.0,5.0,7.0,7.0,ambos_sexos,ambas,ambos_formatos
                Resto de Europa,61.0,72.0,47.0,65.0,38.0,39.0,63.0,25.0,38.0,24.0,32.0,23.0,16.0,33.0,9.0,4.0,6.0,13.0,4.0,4.0,9.0,7.0,9.0,6.0,8.0,1.0,3.0,5.0,14.0,16.0,9.0,9.0,5.0,15.0,16.0,6.0,5.0,2.0,3.0,5.0,1.0,0.0,ambos_sexos,ambas,ambos_formatos
                EEUU y Canadự.0,1.0,4.0,10.0,6.0,9.0,11.0,0.0,0.0,3.0,4.0,4.0,3.0,3.0,0.0,0.0,0.0,0.0,0.0,0.0,1.0,0.0,1.0,0.0,2.0,1.0,0.0,0.0,1.0,0.0,1.0,3.0,1.0,6.0,7.0,0.0,0.0,0.0,1.0,0.0,0.0,0.0,-,ambos_sexos,ambas,ambos_formatos
                Am鲩ca Latina y Caribe,156.0,171.0,197.0,180.0,160.0,162.0,183.0,77.0,80.0,94.0,94.0,84.0,67.0,88.0,29.0,34.0,35.0,33.0,35.0,46.0,44.0,9.0,13.0,15.0,22.0,6.0,14.0,7.0,30.0,31.0,37.0,26.0,31.0,28.0,38.0,11.0,13.0,16.0,5.0,4.0,7.0,6.0,ambos_sexos,ambas,ambos_formatos
                Norte de frica,80.0,103.0,117.0,112.0,121.0,200.0,162.0,35.0,49.0,51.0,50.0,59.0,71.0,48.0,18.0,16.0,37.0,33.0,34.0,83.0,74.0,12.0,14.0,15.0,9.0,6.0,12.0,7.0,8.0,16.0,9.0,17.0,20.0,31.0,28.0,7.0,8.0,5.0,3.0,2.0,3.0,5.0,hombres,ambas,ambos_formatos
                Resto de frica,7.0,12.0,9.0,18.0,19.0,14.0,18.0,3.0,7.0,2.0,12.0,12.0,6.0,10.0,2.0,2.0,2.0,2.0,3.0,4.0,3.0,0.0,0.0,1.0,3.0,0.0,0.0,2.0,2.0,2.0,4.0,1.0,4.0,3.0,3.0,0.0,1.0,0.0,0.0,0.0,1.0,0.0,hombres,ambas,ambos_formatos
                Asia y Ocean_18.0,22.0,31.0,68.0,64.0,64.0,67.0,11.0,14.0,23.0,39.0,38.0,37.0,33.0,2.0,4.0,3.0,4.0,5.0,8.0,6.0,1.0,0.0,2.0,2.0,3.0,1.0,0.0,4.0,2.0,3.0,19.0,17.0,18.0,27.0,0.0,2.0,0.0,4.0,1.0,0.0,1.0,-,hombres,ambas,ambos_formatos
            Hombres,-,-,-,-,-,-,-,-,-,-,-,-,-,-,-,-,-,-,-,-,-,-,-,-,-,-,-,-,-,-,-,-,-,-,-,-,-,-,-,-,-,-,hombres,ambas,ambos_formatos
                Total,4720.0,4833.0,4527.0,4562.0,4461.0,4602.0,4652.0,2085.0,2118.0,1969.0,1991.0,2007.0,1989.0,1997.0,1137.0,1148.0,1046.0,1120.0,1017.0,1091.0,1165.0,345.0,325.0,328.0,282.0,313.0,318.0,268.0,811.0,889.0,853.0,835.0,781.0,866.0,905.0,342.0,353.0,331.0,334.0,343.0,338.0,317.0,hombres,ambas,ambos_formatos
                Espa񡻴478.0,4531.0,4200.0,4205.0,4098.0,4246.0,4282.0,2001.0,1992.0,1875.0,1845.0,1862.0,1877.0,1860.0,1086.0,1096.0,978.0,1059.0,949.0,985.0,1078.0,331.0,314.0,317.0,262.0,304.0,307.0,260.0,727.0,784.0,705.0,714.0,647.0,745.0,770.0,333.0,345.0,325.0,325.0,336.0,332.0,314.0,-,hombres,ambas,ambos_formatos
                Uni󮠅uropea,104.0,173.0,152.0,146.0,172.0,116.0,142.0,22.0,64.0,13.0,35.0,44.0,15.0,39.0,6.0,8.0,7.0,5.0,12.0,11.0,7.0,6.0,5.0,4.0,4.0,3.0,4.0,1.0,69.0,95.0,127.0,102.0,112.0,85.0,94.0,1.0,1.0,1.0,0.0,1.0,1.0,1.0,hombres,ambas,ambos_formatos
                Resto de Europa,23.0,25.0,16.0,35.0,16.0,14.0,28.0,8.0,17.0,6.0,16.0,10.0,5.0,16.0,8.0,4.0,5.0,12.0,4.0,4.0,7.0,2.0,2.0,0.0,3.0,0.0,1.0,2.0,2.0,2.0,4.0,1.0,1.0,3.0,3.0,3.0,0.0,1.0,3.0,1.0,1.0,0.0,hombres,ambas,ambos_formatos
                EEUU y Canadự.0,1.0,2.0,5.0,4.0,7.0,8.0,0.0,0.0,1.0,2.0,4.0,3.0,3.0,0.0,0.0,0.0,0.0,0.0,0.0,0.0,0.0,1.0,0.0,2.0,0.0,0.0,0.0,1.0,0.0,1.0,0.0,0.0,4.0,5.0,0.0,0.0,0.0,1.0,0.0,0.0,0.0,-,hombres,ambas,ambos_formatos
                Am鲩ca Latina y Caribe,72.0,58.0,79.0,75.0,63.0,68.0,77.0,33.0,24.0,33.0,38.0,30.0,23.0,35.0,22.0,24.0,27.0,22.0,22.0,30.0,31.0,4.0,2.0,3.0,8.0,2.0,4.0,1.0,8.0,5.0,12.0,5.0,6.0,8.0,9.0,5.0,3.0,4.0,2.0,3.0,3.0,1.0,hombres,ambas,ambos_formatos
                Norte de frica,32.0,24.0,53.0,45.0,49.0,95.0,60.0,16.0,9.0,21.0,21.0,20.0,32.0,13.0,12.0,11.0,25.0,17.0,24.0,50.0,34.0,2.0,1.0,4.0,2.0,1.0,2.0,2.0,2.0,1.0,3.0,5.0,2.0,10.0,11.0,0.0,2.0,0.0,0.0,2.0,1.0,0.0,mujeres,ambas,ambos_formatos
                Resto de frica,4.0,8.0,4.0,10.0,9.0,8.0,11.0,1.0,5.0,2.0,7.0,6.0,4.0,6.0,2.0,1.0,2.0,2.0,2.0,3.0,3.0,0.0,0.0,0.0,1.0,0.0,0.0,2.0,1.0,1.0,0.0,0.0,1.0,1.0,0.0,0.0,1.0,0.0,0.0,0.0,0.0,0.0,mujeres,ambas,ambos_formatos
                Asia y Ocean_6.0,13.0,21.0,41.0,50.0,48.0,44.0,4.0,7.0,18.0,27.0,31.0,30.0,25.0,1.0,4.0,2.0,3.0,4.0,8.0,5.0,0.0,0.0,0.0,0.0,3.0,0.0,0.0,1.0,1.0,1.0,8.0,12.0,10.0,13.0,0.0,1.0,0.0,3.0,0.0,0.0,1.0,-,mujeres,ambas,ambos_formatos
            Mujeres,-,-,-,-,-,-,-,-,-,-,-,-,-,-,-,-,-,-,-,-,-,-,-,-,-,-,-,-,-,-,-,-,-,-,-,-,-,-,-,-,-,-,mujeres,ambas,ambos_formatos
                Total,5763.0,6015.0,6004.0,5847.0,6135.0,6313.0,6348.0,2885.0,2914.0,3096.0,2800.0,3108.0,3087.0,3046.0,326.0,256.0,241.0,270.0,258.0,313.0,373.0,596.0,641.0,563.0,570.0,560.0,565.0,521.0,1621.0,1824.0,1716.0,1833.0,1837.0,1950.0,2081.0,335.0,380.0,388.0,374.0,372.0,398.0,327.0,mujeres,ambas,ambos_formatos
                Espa񡻵474.0,5601.0,5636.0,5432.0,5779.0,5937.0,5901.0,2755.0,2733.0,2934.0,2629.0,2949.0,2954.0,2882.0,309.0,239.0,217.0,239.0,233.0,259.0,315.0,565.0,599.0,523.0,527.0,532.0,533.0,498.0,1528.0,1677.0,1594.0,1673.0,1703.0,1806.0,1895.0,317.0,353.0,368.0,364.0,362.0,385.0,311.0,-,mujeres,ambas,ambos_formatos
                Uni󮠅uropea,104.0,162.0,138.0,173.0,139.0,128.0,171.0,41.0,55.0,46.0,51.0,40.0,30.0,47.0,2.0,1.0,2.0,2.0,0.0,4.0,1.0,10.0,11.0,8.0,13.0,17.0,9.0,9.0,49.0,90.0,80.0,104.0,78.0,79.0,108.0,2.0,5.0,2.0,3.0,4.0,6.0,6.0,mujeres,ambas,ambos_formatos
                Resto de Europa,38.0,47.0,31.0,30.0,22.0,25.0,35.0,17.0,21.0,18.0,16.0,13.0,11.0,17.0,1.0,0.0,1.0,1.0,0.0,0.0,2.0,5.0,7.0,6.0,5.0,1.0,2.0,3.0,12.0,14.0,5.0,8.0,4.0,12.0,13.0,3.0,5.0,1.0,0.0,4.0,0.0,0.0,mujeres,ambas,ambos_formatos
                EEUU y CanadỰ.0,0.0,2.0,5.0,2.0,2.0,3.0,0.0,0.0,2.0,2.0,0.0,0.0,0.0,0.0,0.0,0.0,0.0,0.0,0.0,1.0,0.0,0.0,0.0,0.0,1.0,0.0,0.0,0.0,0.0,0.0,3.0,1.0,2.0,2.0,0.0,0.0,0.0,0.0,0.0,0.0,0.0,-,mujeres,ambas,ambos_formatos
                Am鲩ca Latina y Caribe,84.0,113.0,118.0,105.0,97.0,94.0,106.0,44.0,56.0,61.0,56.0,54.0,44.0,53.0,7.0,10.0,8.0,11.0,13.0,16.0,13.0,5.0,11.0,12.0,14.0,4.0,10.0,6.0,22.0,26.0,25.0,21.0,25.0,20.0,29.0,6.0,10.0,12.0,3.0,1.0,4.0,5.0,mujeres,ambas,ambos_formatos
                Norte de frica,48.0,79.0,64.0,67.0,72.0,105.0,102.0,19.0,40.0,30.0,29.0,39.0,39.0,35.0,6.0,5.0,12.0,16.0,10.0,33.0,40.0,10.0,13.0,11.0,7.0,5.0,10.0,5.0,6.0,15.0,6.0,12.0,18.0,21.0,17.0,7.0,6.0,5.0,3.0,0.0,2.0,5.0,ambos_sexos,ambas,ambos_formatos
                Resto de frica,3.0,4.0,5.0,8.0,10.0,6.0,7.0,2.0,2.0,0.0,5.0,6.0,2.0,4.0,0.0,1.0,0.0,0.0,1.0,1.0,0.0,0.0,0.0,1.0,2.0,0.0,0.0,0.0,1.0,1.0,4.0,1.0,3.0,2.0,3.0,0.0,0.0,0.0,0.0,0.0,1.0,0.0,ambos_sexos,ambas,ambos_formatos
                Asia y Ocean_12.0,9.0,10.0,27.0,14.0,16.0,23.0,7.0,7.0,5.0,12.0,7.0,7.0,8.0,1.0,0.0,1.0,1.0,1.0,0.0,1.0,1.0,0.0,2.0,2.0,0.0,1.0,0.0,3.0,1.0,2.0,11.0,5.0,8.0,14.0,0.0,1.0,0.0,1.0,1.0,0.0,0.0,-,ambos_sexos,ambas,ambos_formatos
        Presencial,-,-,-,-,-,-,-,-,-,-,-,-,-,-,-,-,-,-,-,-,-,-,-,-,-,-,-,-,-,-,-,-,-,-,-,-,-,-,-,-,-,-,ambos_sexos,ambas,presencial
            Ambos sexos,-,-,-,-,-,-,-,-,-,-,-,-,-,-,-,-,-,-,-,-,-,-,-,-,-,-,-,-,-,-,-,-,-,-,-,-,-,-,-,-,-,-,ambos_sexos,ambas,presencial
                Total,10483.0,10848.0,10531.0,10409.0,10596.0,10915.0,11000.0,4970.0,5032.0,5065.0,4791.0,5115.0,5076.0,5043.0,1463.0,1404.0,1287.0,1390.0,1275.0,1404.0,1538.0,941.0,966.0,891.0,852.0,873.0,883.0,789.0,2432.0,2713.0,2569.0,2668.0,2618.0,2816.0,2986.0,677.0,733.0,719.0,708.0,715.0,736.0,644.0,ambos_sexos,ambas,presencial
                Espa񡻹952.0,10132.0,9836.0,9637.0,9877.0,10183.0,10183.0,4756.0,4725.0,4809.0,4474.0,4811.0,4831.0,4742.0,1395.0,1335.0,1195.0,1298.0,1182.0,1244.0,1393.0,896.0,913.0,840.0,789.0,836.0,840.0,758.0,2255.0,2461.0,2299.0,2387.0,2350.0,2551.0,2665.0,650.0,698.0,693.0,689.0,698.0,717.0,625.0,-,ambos_sexos,ambas,presencial
                Uni󮠅uropea,208.0,335.0,290.0,319.0,311.0,244.0,313.0,63.0,119.0,59.0,86.0,84.0,45.0,86.0,8.0,9.0,9.0,7.0,12.0,15.0,8.0,16.0,16.0,12.0,17.0,20.0,13.0,10.0,118.0,185.0,207.0,206.0,190.0,164.0,202.0,3.0,6.0,3.0,3.0,5.0,7.0,7.0,ambos_sexos,ambas,presencial
                Resto de Europa,61.0,72.0,47.0,65.0,38.0,39.0,63.0,25.0,38.0,24.0,32.0,23.0,16.0,33.0,9.0,4.0,6.0,13.0,4.0,4.0,9.0,7.0,9.0,6.0,8.0,1.0,3.0,5.0,14.0,16.0,9.0,9.0,5.0,15.0,16.0,6.0,5.0,2.0,3.0,5.0,1.0,0.0,ambos_sexos,ambas,presencial
                EEUU y Canadự.0,1.0,4.0,10.0,6.0,9.0,11.0,0.0,0.0,3.0,4.0,4.0,3.0,3.0,0.0,0.0,0.0,0.0,0.0,0.0,1.0,0.0,1.0,0.0,2.0,1.0,0.0,0.0,1.0,0.0,1.0,3.0,1.0,6.0,7.0,0.0,0.0,0.0,1.0,0.0,0.0,0.0,-,ambos_sexos,ambas,presencial
                Am鲩ca Latina y Caribe,156.0,171.0,197.0,180.0,160.0,162.0,183.0,77.0,80.0,94.0,94.0,84.0,67.0,88.0,29.0,34.0,35.0,33.0,35.0,46.0,44.0,9.0,13.0,15.0,22.0,6.0,14.0,7.0,30.0,31.0,37.0,26.0,31.0,28.0,38.0,11.0,13.0,16.0,5.0,4.0,7.0,6.0,ambos_sexos,ambas,presencial
                Norte de frica,80.0,103.0,117.0,112.0,121.0,200.0,162.0,35.0,49.0,51.0,50.0,59.0,71.0,48.0,18.0,16.0,37.0,33.0,34.0,83.0,74.0,12.0,14.0,15.0,9.0,6.0,12.0,7.0,8.0,16.0,9.0,17.0,20.0,31.0,28.0,7.0,8.0,5.0,3.0,2.0,3.0,5.0,hombres,ambas,presencial
                Resto de frica,7.0,12.0,9.0,18.0,19.0,14.0,18.0,3.0,7.0,2.0,12.0,12.0,6.0,10.0,2.0,2.0,2.0,2.0,3.0,4.0,3.0,0.0,0.0,1.0,3.0,0.0,0.0,2.0,2.0,2.0,4.0,1.0,4.0,3.0,3.0,0.0,1.0,0.0,0.0,0.0,1.0,0.0,hombres,ambas,presencial
                Asia y Ocean_18.0,22.0,31.0,68.0,64.0,64.0,67.0,11.0,14.0,23.0,39.0,38.0,37.0,33.0,2.0,4.0,3.0,4.0,5.0,8.0,6.0,1.0,0.0,2.0,2.0,3.0,1.0,0.0,4.0,2.0,3.0,19.0,17.0,18.0,27.0,0.0,2.0,0.0,4.0,1.0,0.0,1.0,-,hombres,ambas,presencial
            Hombres,-,-,-,-,-,-,-,-,-,-,-,-,-,-,-,-,-,-,-,-,-,-,-,-,-,-,-,-,-,-,-,-,-,-,-,-,-,-,-,-,-,-,hombres,ambas,presencial
                Total,4720.0,4833.0,4527.0,4562.0,4461.0,4602.0,4652.0,2085.0,2118.0,1969.0,1991.0,2007.0,1989.0,1997.0,1137.0,1148.0,1046.0,1120.0,1017.0,1091.0,1165.0,345.0,325.0,328.0,282.0,313.0,318.0,268.0,811.0,889.0,853.0,835.0,781.0,866.0,905.0,342.0,353.0,331.0,334.0,343.0,338.0,317.0,hombres,ambas,presencial
                Espa񡻴478.0,4531.0,4200.0,4205.0,4098.0,4246.0,4282.0,2001.0,1992.0,1875.0,1845.0,1862.0,1877.0,1860.0,1086.0,1096.0,978.0,1059.0,949.0,985.0,1078.0,331.0,314.0,317.0,262.0,304.0,307.0,260.0,727.0,784.0,705.0,714.0,647.0,745.0,770.0,333.0,345.0,325.0,325.0,336.0,332.0,314.0,-,hombres,ambas,presencial
                Uni󮠅uropea,104.0,173.0,152.0,146.0,172.0,116.0,142.0,22.0,64.0,13.0,35.0,44.0,15.0,39.0,6.0,8.0,7.0,5.0,12.0,11.0,7.0,6.0,5.0,4.0,4.0,3.0,4.0,1.0,69.0,95.0,127.0,102.0,112.0,85.0,94.0,1.0,1.0,1.0,0.0,1.0,1.0,1.0,hombres,ambas,presencial
                Resto de Europa,23.0,25.0,16.0,35.0,16.0,14.0,28.0,8.0,17.0,6.0,16.0,10.0,5.0,16.0,8.0,4.0,5.0,12.0,4.0,4.0,7.0,2.0,2.0,0.0,3.0,0.0,1.0,2.0,2.0,2.0,4.0,1.0,1.0,3.0,3.0,3.0,0.0,1.0,3.0,1.0,1.0,0.0,hombres,ambas,presencial
                EEUU y Canadự.0,1.0,2.0,5.0,4.0,7.0,8.0,0.0,0.0,1.0,2.0,4.0,3.0,3.0,0.0,0.0,0.0,0.0,0.0,0.0,0.0,0.0,1.0,0.0,2.0,0.0,0.0,0.0,1.0,0.0,1.0,0.0,0.0,4.0,5.0,0.0,0.0,0.0,1.0,0.0,0.0,0.0,-,hombres,ambas,presencial
                Am鲩ca Latina y Caribe,72.0,58.0,79.0,75.0,63.0,68.0,77.0,33.0,24.0,33.0,38.0,30.0,23.0,35.0,22.0,24.0,27.0,22.0,22.0,30.0,31.0,4.0,2.0,3.0,8.0,2.0,4.0,1.0,8.0,5.0,12.0,5.0,6.0,8.0,9.0,5.0,3.0,4.0,2.0,3.0,3.0,1.0,hombres,ambas,presencial
                Norte de frica,32.0,24.0,53.0,45.0,49.0,95.0,60.0,16.0,9.0,21.0,21.0,20.0,32.0,13.0,12.0,11.0,25.0,17.0,24.0,50.0,34.0,2.0,1.0,4.0,2.0,1.0,2.0,2.0,2.0,1.0,3.0,5.0,2.0,10.0,11.0,0.0,2.0,0.0,0.0,2.0,1.0,0.0,mujeres,ambas,presencial
                Resto de frica,4.0,8.0,4.0,10.0,9.0,8.0,11.0,1.0,5.0,2.0,7.0,6.0,4.0,6.0,2.0,1.0,2.0,2.0,2.0,3.0,3.0,0.0,0.0,0.0,1.0,0.0,0.0,2.0,1.0,1.0,0.0,0.0,1.0,1.0,0.0,0.0,1.0,0.0,0.0,0.0,0.0,0.0,mujeres,ambas,presencial
                Asia y Ocean_6.0,13.0,21.0,41.0,50.0,48.0,44.0,4.0,7.0,18.0,27.0,31.0,30.0,25.0,1.0,4.0,2.0,3.0,4.0,8.0,5.0,0.0,0.0,0.0,0.0,3.0,0.0,0.0,1.0,1.0,1.0,8.0,12.0,10.0,13.0,0.0,1.0,0.0,3.0,0.0,0.0,1.0,-,mujeres,ambas,presencial
            Mujeres,-,-,-,-,-,-,-,-,-,-,-,-,-,-,-,-,-,-,-,-,-,-,-,-,-,-,-,-,-,-,-,-,-,-,-,-,-,-,-,-,-,-,mujeres,ambas,presencial
                Total,5763.0,6015.0,6004.0,5847.0,6135.0,6313.0,6348.0,2885.0,2914.0,3096.0,2800.0,3108.0,3087.0,3046.0,326.0,256.0,241.0,270.0,258.0,313.0,373.0,596.0,641.0,563.0,570.0,560.0,565.0,521.0,1621.0,1824.0,1716.0,1833.0,1837.0,1950.0,2081.0,335.0,380.0,388.0,374.0,372.0,398.0,327.0,mujeres,ambas,presencial
                Espa񡻵474.0,5601.0,5636.0,5432.0,5779.0,5937.0,5901.0,2755.0,2733.0,2934.0,2629.0,2949.0,2954.0,2882.0,309.0,239.0,217.0,239.0,233.0,259.0,315.0,565.0,599.0,523.0,527.0,532.0,533.0,498.0,1528.0,1677.0,1594.0,1673.0,1703.0,1806.0,1895.0,317.0,353.0,368.0,364.0,362.0,385.0,311.0,-,mujeres,ambas,presencial
                Uni󮠅uropea,104.0,162.0,138.0,173.0,139.0,128.0,171.0,41.0,55.0,46.0,51.0,40.0,30.0,47.0,2.0,1.0,2.0,2.0,0.0,4.0,1.0,10.0,11.0,8.0,13.0,17.0,9.0,9.0,49.0,90.0,80.0,104.0,78.0,79.0,108.0,2.0,5.0,2.0,3.0,4.0,6.0,6.0,mujeres,ambas,presencial
                Resto de Europa,38.0,47.0,31.0,30.0,22.0,25.0,35.0,17.0,21.0,18.0,16.0,13.0,11.0,17.0,1.0,0.0,1.0,1.0,0.0,0.0,2.0,5.0,7.0,6.0,5.0,1.0,2.0,3.0,12.0,14.0,5.0,8.0,4.0,12.0,13.0,3.0,5.0,1.0,0.0,4.0,0.0,0.0,mujeres,ambas,presencial
                EEUU y CanadỰ.0,0.0,2.0,5.0,2.0,2.0,3.0,0.0,0.0,2.0,2.0,0.0,0.0,0.0,0.0,0.0,0.0,0.0,0.0,0.0,1.0,0.0,0.0,0.0,0.0,1.0,0.0,0.0,0.0,0.0,0.0,3.0,1.0,2.0,2.0,0.0,0.0,0.0,0.0,0.0,0.0,0.0,-,mujeres,ambas,presencial
                Am鲩ca Latina y Caribe,84.0,113.0,118.0,105.0,97.0,94.0,106.0,44.0,56.0,61.0,56.0,54.0,44.0,53.0,7.0,10.0,8.0,11.0,13.0,16.0,13.0,5.0,11.0,12.0,14.0,4.0,10.0,6.0,22.0,26.0,25.0,21.0,25.0,20.0,29.0,6.0,10.0,12.0,3.0,1.0,4.0,5.0,mujeres,ambas,presencial
                Norte de frica,48.0,79.0,64.0,67.0,72.0,105.0,102.0,19.0,40.0,30.0,29.0,39.0,39.0,35.0,6.0,5.0,12.0,16.0,10.0,33.0,40.0,10.0,13.0,11.0,7.0,5.0,10.0,5.0,6.0,15.0,6.0,12.0,18.0,21.0,17.0,7.0,6.0,5.0,3.0,0.0,2.0,5.0,ambos_sexos,ambas,presencial
                Resto de frica,3.0,4.0,5.0,8.0,10.0,6.0,7.0,2.0,2.0,0.0,5.0,6.0,2.0,4.0,0.0,1.0,0.0,0.0,1.0,1.0,0.0,0.0,0.0,1.0,2.0,0.0,0.0,0.0,1.0,1.0,4.0,1.0,3.0,2.0,3.0,0.0,0.0,0.0,0.0,0.0,1.0,0.0,ambos_sexos,ambas,presencial
                Asia y Ocean_12.0,9.0,10.0,27.0,14.0,16.0,23.0,7.0,7.0,5.0,12.0,7.0,7.0,8.0,1.0,0.0,1.0,1.0,1.0,0.0,1.0,1.0,0.0,2.0,2.0,0.0,1.0,0.0,3.0,1.0,2.0,11.0,5.0,8.0,14.0,0.0,1.0,0.0,1.0,1.0,0.0,0.0,-,ambos_sexos,ambas,presencial
        No Presencial,-,-,-,-,-,-,-,-,-,-,-,-,-,-,-,-,-,-,-,-,-,-,-,-,-,-,-,-,-,-,-,-,-,-,-,-,-,-,-,-,-,-,ambos_sexos,ambas,online
            Ambos sexos,-,-,-,-,-,-,-,-,-,-,-,-,-,-,-,-,-,-,-,-,-,-,-,-,-,-,-,-,-,-,-,-,-,-,-,-,-,-,-,-,-,-,ambos_sexos,ambas,online
                Total,0.0,0.0,0.0,0.0,0.0,0.0,0.0,0.0,0.0,0.0,0.0,0.0,0.0,0.0,0.0,0.0,0.0,0.0,0.0,0.0,0.0,0.0,0.0,0.0,0.0,0.0,0.0,0.0,0.0,0.0,0.0,0.0,0.0,0.0,0.0,0.0,0.0,0.0,0.0,0.0,0.0,0.0,ambos_sexos,ambas,online
                Espa񡻰.0,0.0,0.0,0.0,0.0,0.0,0.0,0.0,0.0,0.0,0.0,0.0,0.0,0.0,0.0,0.0,0.0,0.0,0.0,0.0,0.0,0.0,0.0,0.0,0.0,0.0,0.0,0.0,0.0,0.0,0.0,0.0,0.0,0.0,0.0,0.0,0.0,0.0,0.0,0.0,0.0,0.0,-,ambos_sexos,ambas,online
                Uni󮠅uropea,0.0,0.0,0.0,0.0,0.0,0.0,0.0,0.0,0.0,0.0,0.0,0.0,0.0,0.0,0.0,0.0,0.0,0.0,0.0,0.0,0.0,0.0,0.0,0.0,0.0,0.0,0.0,0.0,0.0,0.0,0.0,0.0,0.0,0.0,0.0,0.0,0.0,0.0,0.0,0.0,0.0,0.0,ambos_sexos,ambas,online
                Resto de Europa,0.0,0.0,0.0,0.0,0.0,0.0,0.0,0.0,0.0,0.0,0.0,0.0,0.0,0.0,0.0,0.0,0.0,0.0,0.0,0.0,0.0,0.0,0.0,0.0,0.0,0.0,0.0,0.0,0.0,0.0,0.0,0.0,0.0,0.0,0.0,0.0,0.0,0.0,0.0,0.0,0.0,0.0,ambos_sexos,ambas,online
                EEUU y CanadỰ.0,0.0,0.0,0.0,0.0,0.0,0.0,0.0,0.0,0.0,0.0,0.0,0.0,0.0,0.0,0.0,0.0,0.0,0.0,0.0,0.0,0.0,0.0,0.0,0.0,0.0,0.0,0.0,0.0,0.0,0.0,0.0,0.0,0.0,0.0,0.0,0.0,0.0,0.0,0.0,0.0,0.0,-,ambos_sexos,ambas,online
                Am鲩ca Latina y Caribe,0.0,0.0,0.0,0.0,0.0,0.0,0.0,0.0,0.0,0.0,0.0,0.0,0.0,0.0,0.0,0.0,0.0,0.0,0.0,0.0,0.0,0.0,0.0,0.0,0.0,0.0,0.0,0.0,0.0,0.0,0.0,0.0,0.0,0.0,0.0,0.0,0.0,0.0,0.0,0.0,0.0,0.0,ambos_sexos,ambas,online
                Norte de frica,0.0,0.0,0.0,0.0,0.0,0.0,0.0,0.0,0.0,0.0,0.0,0.0,0.0,0.0,0.0,0.0,0.0,0.0,0.0,0.0,0.0,0.0,0.0,0.0,0.0,0.0,0.0,0.0,0.0,0.0,0.0,0.0,0.0,0.0,0.0,0.0,0.0,0.0,0.0,0.0,0.0,0.0,hombres,ambas,online
                Resto de frica,0.0,0.0,0.0,0.0,0.0,0.0,0.0,0.0,0.0,0.0,0.0,0.0,0.0,0.0,0.0,0.0,0.0,0.0,0.0,0.0,0.0,0.0,0.0,0.0,0.0,0.0,0.0,0.0,0.0,0.0,0.0,0.0,0.0,0.0,0.0,0.0,0.0,0.0,0.0,0.0,0.0,0.0,hombres,ambas,online
                Asia y Ocean_0.0,0.0,0.0,0.0,0.0,0.0,0.0,0.0,0.0,0.0,0.0,0.0,0.0,0.0,0.0,0.0,0.0,0.0,0.0,0.0,0.0,0.0,0.0,0.0,0.0,0.0,0.0,0.0,0.0,0.0,0.0,0.0,0.0,0.0,0.0,0.0,0.0,0.0,0.0,0.0,0.0,0.0,-,hombres,ambas,online
            Hombres,-,-,-,-,-,-,-,-,-,-,-,-,-,-,-,-,-,-,-,-,-,-,-,-,-,-,-,-,-,-,-,-,-,-,-,-,-,-,-,-,-,-,hombres,ambas,online
                Total,0.0,0.0,0.0,0.0,0.0,0.0,0.0,0.0,0.0,0.0,0.0,0.0,0.0,0.0,0.0,0.0,0.0,0.0,0.0,0.0,0.0,0.0,0.0,0.0,0.0,0.0,0.0,0.0,0.0,0.0,0.0,0.0,0.0,0.0,0.0,0.0,0.0,0.0,0.0,0.0,0.0,0.0,hombres,ambas,online
                Espa񡻰.0,0.0,0.0,0.0,0.0,0.0,0.0,0.0,0.0,0.0,0.0,0.0,0.0,0.0,0.0,0.0,0.0,0.0,0.0,0.0,0.0,0.0,0.0,0.0,0.0,0.0,0.0,0.0,0.0,0.0,0.0,0.0,0.0,0.0,0.0,0.0,0.0,0.0,0.0,0.0,0.0,0.0,-,hombres,ambas,online
                Uni󮠅uropea,0.0,0.0,0.0,0.0,0.0,0.0,0.0,0.0,0.0,0.0,0.0,0.0,0.0,0.0,0.0,0.0,0.0,0.0,0.0,0.0,0.0,0.0,0.0,0.0,0.0,0.0,0.0,0.0,0.0,0.0,0.0,0.0,0.0,0.0,0.0,0.0,0.0,0.0,0.0,0.0,0.0,0.0,hombres,ambas,online
                Resto de Europa,0.0,0.0,0.0,0.0,0.0,0.0,0.0,0.0,0.0,0.0,0.0,0.0,0.0,0.0,0.0,0.0,0.0,0.0,0.0,0.0,0.0,0.0,0.0,0.0,0.0,0.0,0.0,0.0,0.0,0.0,0.0,0.0,0.0,0.0,0.0,0.0,0.0,0.0,0.0,0.0,0.0,0.0,hombres,ambas,online
                EEUU y CanadỰ.0,0.0,0.0,0.0,0.0,0.0,0.0,0.0,0.0,0.0,0.0,0.0,0.0,0.0,0.0,0.0,0.0,0.0,0.0,0.0,0.0,0.0,0.0,0.0,0.0,0.0,0.0,0.0,0.0,0.0,0.0,0.0,0.0,0.0,0.0,0.0,0.0,0.0,0.0,0.0,0.0,0.0,-,hombres,ambas,online
                Am鲩ca Latina y Caribe,0.0,0.0,0.0,0.0,0.0,0.0,0.0,0.0,0.0,0.0,0.0,0.0,0.0,0.0,0.0,0.0,0.0,0.0,0.0,0.0,0.0,0.0,0.0,0.0,0.0,0.0,0.0,0.0,0.0,0.0,0.0,0.0,0.0,0.0,0.0,0.0,0.0,0.0,0.0,0.0,0.0,0.0,hombres,ambas,online
                Norte de frica,0.0,0.0,0.0,0.0,0.0,0.0,0.0,0.0,0.0,0.0,0.0,0.0,0.0,0.0,0.0,0.0,0.0,0.0,0.0,0.0,0.0,0.0,0.0,0.0,0.0,0.0,0.0,0.0,0.0,0.0,0.0,0.0,0.0,0.0,0.0,0.0,0.0,0.0,0.0,0.0,0.0,0.0,mujeres,ambas,online
                Resto de frica,0.0,0.0,0.0,0.0,0.0,0.0,0.0,0.0,0.0,0.0,0.0,0.0,0.0,0.0,0.0,0.0,0.0,0.0,0.0,0.0,0.0,0.0,0.0,0.0,0.0,0.0,0.0,0.0,0.0,0.0,0.0,0.0,0.0,0.0,0.0,0.0,0.0,0.0,0.0,0.0,0.0,0.0,mujeres,ambas,online
                Asia y Ocean_0.0,0.0,0.0,0.0,0.0,0.0,0.0,0.0,0.0,0.0,0.0,0.0,0.0,0.0,0.0,0.0,0.0,0.0,0.0,0.0,0.0,0.0,0.0,0.0,0.0,0.0,0.0,0.0,0.0,0.0,0.0,0.0,0.0,0.0,0.0,0.0,0.0,0.0,0.0,0.0,0.0,0.0,-,mujeres,ambas,online
            Mujeres,-,-,-,-,-,-,-,-,-,-,-,-,-,-,-,-,-,-,-,-,-,-,-,-,-,-,-,-,-,-,-,-,-,-,-,-,-,-,-,-,-,-,mujeres,ambas,online
                Total,0.0,0.0,0.0,0.0,0.0,0.0,0.0,0.0,0.0,0.0,0.0,0.0,0.0,0.0,0.0,0.0,0.0,0.0,0.0,0.0,0.0,0.0,0.0,0.0,0.0,0.0,0.0,0.0,0.0,0.0,0.0,0.0,0.0,0.0,0.0,0.0,0.0,0.0,0.0,0.0,0.0,0.0,mujeres,ambas,online
                Espa񡻰.0,0.0,0.0,0.0,0.0,0.0,0.0,0.0,0.0,0.0,0.0,0.0,0.0,0.0,0.0,0.0,0.0,0.0,0.0,0.0,0.0,0.0,0.0,0.0,0.0,0.0,0.0,0.0,0.0,0.0,0.0,0.0,0.0,0.0,0.0,0.0,0.0,0.0,0.0,0.0,0.0,0.0,-,mujeres,ambas,online
                Uni󮠅uropea,0.0,0.0,0.0,0.0,0.0,0.0,0.0,0.0,0.0,0.0,0.0,0.0,0.0,0.0,0.0,0.0,0.0,0.0,0.0,0.0,0.0,0.0,0.0,0.0,0.0,0.0,0.0,0.0,0.0,0.0,0.0,0.0,0.0,0.0,0.0,0.0,0.0,0.0,0.0,0.0,0.0,0.0,mujeres,ambas,online
                Resto de Europa,0.0,0.0,0.0,0.0,0.0,0.0,0.0,0.0,0.0,0.0,0.0,0.0,0.0,0.0,0.0,0.0,0.0,0.0,0.0,0.0,0.0,0.0,0.0,0.0,0.0,0.0,0.0,0.0,0.0,0.0,0.0,0.0,0.0,0.0,0.0,0.0,0.0,0.0,0.0,0.0,0.0,0.0,mujeres,ambas,online
                EEUU y CanadỰ.0,0.0,0.0,0.0,0.0,0.0,0.0,0.0,0.0,0.0,0.0,0.0,0.0,0.0,0.0,0.0,0.0,0.0,0.0,0.0,0.0,0.0,0.0,0.0,0.0,0.0,0.0,0.0,0.0,0.0,0.0,0.0,0.0,0.0,0.0,0.0,0.0,0.0,0.0,0.0,0.0,0.0,-,mujeres,ambas,online
                Am鲩ca Latina y Caribe,0.0,0.0,0.0,0.0,0.0,0.0,0.0,0.0,0.0,0.0,0.0,0.0,0.0,0.0,0.0,0.0,0.0,0.0,0.0,0.0,0.0,0.0,0.0,0.0,0.0,0.0,0.0,0.0,0.0,0.0,0.0,0.0,0.0,0.0,0.0,0.0,0.0,0.0,0.0,0.0,0.0,0.0,mujeres,ambas,online
                Norte de frica,0.0,0.0,0.0,0.0,0.0,0.0,0.0,0.0,0.0,0.0,0.0,0.0,0.0,0.0,0.0,0.0,0.0,0.0,0.0,0.0,0.0,0.0,0.0,0.0,0.0,0.0,0.0,0.0,0.0,0.0,0.0,0.0,0.0,0.0,0.0,0.0,0.0,0.0,0.0,0.0,0.0,0.0,ambos_sexos,publica,online
                Resto de frica,0.0,0.0,0.0,0.0,0.0,0.0,0.0,0.0,0.0,0.0,0.0,0.0,0.0,0.0,0.0,0.0,0.0,0.0,0.0,0.0,0.0,0.0,0.0,0.0,0.0,0.0,0.0,0.0,0.0,0.0,0.0,0.0,0.0,0.0,0.0,0.0,0.0,0.0,0.0,0.0,0.0,0.0,ambos_sexos,publica,online
                Asia y Ocean_0.0,0.0,0.0,0.0,0.0,0.0,0.0,0.0,0.0,0.0,0.0,0.0,0.0,0.0,0.0,0.0,0.0,0.0,0.0,0.0,0.0,0.0,0.0,0.0,0.0,0.0,0.0,0.0,0.0,0.0,0.0,0.0,0.0,0.0,0.0,0.0,0.0,0.0,0.0,0.0,0.0,0.0,-,ambos_sexos,publica,online
    Pblica,-,-,-,-,-,-,-,-,-,-,-,-,-,-,-,-,-,-,-,-,-,-,-,-,-,-,-,-,-,-,-,-,-,-,-,-,-,-,-,-,-,-,ambos_sexos,publica,ambos_formatos
        Total,-,-,-,-,-,-,-,-,-,-,-,-,-,-,-,-,-,-,-,-,-,-,-,-,-,-,-,-,-,-,-,-,-,-,-,-,-,-,-,-,-,-,ambos_sexos,publica,ambos_formatos
            Ambos sexos,-,-,-,-,-,-,-,-,-,-,-,-,-,-,-,-,-,-,-,-,-,-,-,-,-,-,-,-,-,-,-,-,-,-,-,-,-,-,-,-,-,-,ambos_sexos,publica,ambos_formatos
                Total,7758.0,7798.0,7370.0,7443.0,7358.0,7567.0,7252.0,3593.0,3599.0,3477.0,3490.0,3482.0,3561.0,3403.0,1260.0,1196.0,1084.0,1157.0,1082.0,1183.0,1249.0,922.0,945.0,880.0,806.0,825.0,852.0,768.0,1332.0,1389.0,1298.0,1355.0,1325.0,1340.0,1247.0,651.0,669.0,631.0,635.0,644.0,631.0,585.0,ambos_sexos,publica,ambos_formatos
                Espa񡻷405.0,7421.0,7008.0,7034.0,6996.0,7170.0,6884.0,3426.0,3419.0,3306.0,3281.0,3294.0,3402.0,3249.0,1198.0,1133.0,1005.0,1078.0,1001.0,1049.0,1131.0,881.0,897.0,830.0,750.0,799.0,818.0,740.0,1275.0,1335.0,1259.0,1309.0,1272.0,1285.0,1195.0,625.0,637.0,608.0,616.0,630.0,616.0,569.0,-,ambos_sexos,publica,ambos_formatos
                Uni󮠅uropea,76.0,76.0,69.0,75.0,93.0,65.0,66.0,41.0,37.0,36.0,39.0,45.0,29.0,33.0,7.0,9.0,6.0,4.0,11.0,11.0,7.0,14.0,15.0,12.0,16.0,14.0,9.0,8.0,11.0,10.0,12.0,13.0,18.0,11.0,14.0,3.0,5.0,3.0,3.0,5.0,5.0,4.0,ambos_sexos,publica,ambos_formatos
                Resto de Europa,47.0,47.0,34.0,45.0,25.0,25.0,33.0,18.0,25.0,15.0,18.0,14.0,10.0,19.0,7.0,4.0,5.0,12.0,3.0,3.0,8.0,6.0,6.0,5.0,7.0,0.0,3.0,4.0,10.0,8.0,7.0,5.0,4.0,8.0,2.0,6.0,4.0,2.0,3.0,4.0,1.0,0.0,ambos_sexos,publica,ambos_formatos
                EEUU y Canadự.0,1.0,2.0,6.0,3.0,1.0,1.0,0.0,0.0,2.0,4.0,2.0,1.0,0.0,0.0,0.0,0.0,0.0,0.0,0.0,1.0,0.0,1.0,0.0,0.0,1.0,0.0,0.0,1.0,0.0,0.0,1.0,0.0,0.0,0.0,0.0,0.0,0.0,1.0,0.0,0.0,0.0,-,ambos_sexos,publica,ambos_formatos
                Am鲩ca Latina y Caribe,134.0,134.0,137.0,138.0,104.0,105.0,90.0,67.0,60.0,68.0,75.0,55.0,47.0,40.0,26.0,31.0,28.0,26.0,27.0,29.0,23.0,9.0,12.0,15.0,19.0,5.0,9.0,7.0,22.0,18.0,12.0,13.0,14.0,14.0,14.0,10.0,13.0,14.0,5.0,3.0,6.0,6.0,ambos_sexos,publica,ambos_formatos
                Norte de frica,79.0,100.0,106.0,103.0,101.0,175.0,145.0,34.0,47.0,45.0,47.0,48.0,60.0,44.0,18.0,15.0,36.0,33.0,32.0,82.0,73.0,12.0,14.0,15.0,9.0,6.0,12.0,7.0,8.0,16.0,6.0,11.0,13.0,19.0,16.0,7.0,8.0,4.0,3.0,2.0,2.0,5.0,hombres,publica,ambos_formatos
                Resto de frica,5.0,9.0,5.0,11.0,14.0,7.0,7.0,2.0,6.0,2.0,7.0,8.0,3.0,3.0,2.0,1.0,1.0,1.0,3.0,2.0,1.0,0.0,0.0,1.0,3.0,0.0,0.0,2.0,1.0,1.0,1.0,0.0,3.0,1.0,1.0,0.0,1.0,0.0,0.0,0.0,1.0,0.0,hombres,publica,ambos_formatos
                Asia y Ocean_11.0,10.0,9.0,31.0,22.0,19.0,26.0,5.0,5.0,3.0,19.0,16.0,9.0,15.0,2.0,3.0,3.0,3.0,5.0,7.0,5.0,0.0,0.0,2.0,2.0,0.0,1.0,0.0,4.0,1.0,1.0,3.0,1.0,2.0,5.0,0.0,1.0,0.0,4.0,0.0,0.0,1.0,-,hombres,publica,ambos_formatos
            Hombres,-,-,-,-,-,-,-,-,-,-,-,-,-,-,-,-,-,-,-,-,-,-,-,-,-,-,-,-,-,-,-,-,-,-,-,-,-,-,-,-,-,-,hombres,publica,ambos_formatos
                Total,3493.0,3443.0,3182.0,3237.0,3110.0,3182.0,3020.0,1468.0,1443.0,1332.0,1361.0,1331.0,1332.0,1240.0,967.0,976.0,879.0,932.0,855.0,908.0,931.0,341.0,321.0,324.0,268.0,298.0,313.0,260.0,384.0,378.0,349.0,369.0,311.0,335.0,293.0,333.0,325.0,298.0,307.0,315.0,294.0,296.0,hombres,publica,ambos_formatos
                Espa񡻳346.0,3320.0,3036.0,3067.0,2960.0,3017.0,2881.0,1403.0,1388.0,1274.0,1279.0,1258.0,1283.0,1187.0,921.0,928.0,819.0,879.0,796.0,821.0,866.0,327.0,311.0,313.0,252.0,293.0,303.0,252.0,370.0,376.0,337.0,359.0,305.0,322.0,283.0,325.0,317.0,293.0,298.0,308.0,288.0,293.0,-,hombres,publica,ambos_formatos
                Uni󮠅uropea,27.0,28.0,22.0,20.0,37.0,23.0,23.0,13.0,13.0,8.0,11.0,21.0,6.0,12.0,5.0,8.0,6.0,3.0,11.0,9.0,6.0,6.0,5.0,4.0,3.0,2.0,4.0,1.0,2.0,1.0,3.0,3.0,2.0,3.0,3.0,1.0,1.0,1.0,0.0,1.0,1.0,1.0,hombres,publica,ambos_formatos
                Resto de Europa,19.0,18.0,9.0,27.0,9.0,6.0,17.0,7.0,13.0,2.0,8.0,4.0,0.0,8.0,6.0,4.0,4.0,12.0,3.0,3.0,6.0,2.0,1.0,0.0,3.0,0.0,1.0,2.0,1.0,0.0,2.0,1.0,1.0,1.0,1.0,3.0,0.0,1.0,3.0,1.0,1.0,0.0,hombres,publica,ambos_formatos
                EEUU y Canadự.0,1.0,1.0,3.0,2.0,1.0,0.0,0.0,0.0,1.0,2.0,2.0,1.0,0.0,0.0,0.0,0.0,0.0,0.0,0.0,0.0,0.0,1.0,0.0,0.0,0.0,0.0,0.0,1.0,0.0,0.0,0.0,0.0,0.0,0.0,0.0,0.0,0.0,1.0,0.0,0.0,0.0,-,hombres,publica,ambos_formatos
                Am鲩ca Latina y Caribe,63.0,45.0,58.0,56.0,40.0,41.0,34.0,29.0,18.0,26.0,26.0,16.0,12.0,14.0,20.0,22.0,22.0,18.0,17.0,18.0,15.0,4.0,2.0,3.0,7.0,2.0,3.0,1.0,6.0,0.0,4.0,3.0,2.0,5.0,3.0,4.0,3.0,3.0,2.0,3.0,3.0,1.0,hombres,publica,ambos_formatos
                Norte de frica,31.0,22.0,48.0,40.0,40.0,77.0,48.0,15.0,7.0,17.0,19.0,14.0,22.0,10.0,12.0,11.0,25.0,17.0,22.0,49.0,33.0,2.0,1.0,4.0,2.0,1.0,2.0,2.0,2.0,1.0,2.0,2.0,1.0,3.0,3.0,0.0,2.0,0.0,0.0,2.0,1.0,0.0,mujeres,publica,ambos_formatos
                Resto de frica,3.0,5.0,3.0,5.0,4.0,3.0,3.0,0.0,4.0,2.0,3.0,2.0,2.0,0.0,2.0,0.0,1.0,1.0,2.0,1.0,1.0,0.0,0.0,0.0,1.0,0.0,0.0,2.0,1.0,0.0,0.0,0.0,0.0,0.0,0.0,0.0,1.0,0.0,0.0,0.0,0.0,0.0,mujeres,publica,ambos_formatos
                Asia y Ocean_3.0,4.0,5.0,19.0,18.0,14.0,14.0,1.0,0.0,2.0,13.0,14.0,6.0,9.0,1.0,3.0,2.0,2.0,4.0,7.0,4.0,0.0,0.0,0.0,0.0,0.0,0.0,0.0,1.0,0.0,1.0,1.0,0.0,1.0,0.0,0.0,1.0,0.0,3.0,0.0,0.0,1.0,-,mujeres,publica,ambos_formatos
            Mujeres,-,-,-,-,-,-,-,-,-,-,-,-,-,-,-,-,-,-,-,-,-,-,-,-,-,-,-,-,-,-,-,-,-,-,-,-,-,-,-,-,-,-,mujeres,publica,ambos_formatos
                Total,4265.0,4355.0,4188.0,4206.0,4248.0,4385.0,4232.0,2125.0,2156.0,2145.0,2129.0,2151.0,2229.0,2163.0,293.0,220.0,205.0,225.0,227.0,275.0,318.0,581.0,624.0,556.0,538.0,527.0,539.0,508.0,948.0,1011.0,949.0,986.0,1014.0,1005.0,954.0,318.0,344.0,333.0,328.0,329.0,337.0,289.0,mujeres,publica,ambos_formatos
                Espa񡻴059.0,4101.0,3972.0,3967.0,4036.0,4153.0,4003.0,2023.0,2031.0,2032.0,2002.0,2036.0,2119.0,2062.0,277.0,205.0,186.0,199.0,205.0,228.0,265.0,554.0,586.0,517.0,498.0,506.0,515.0,488.0,905.0,959.0,922.0,950.0,967.0,963.0,912.0,300.0,320.0,315.0,318.0,322.0,328.0,276.0,-,mujeres,publica,ambos_formatos
                Uni󮠅uropea,49.0,48.0,47.0,55.0,56.0,42.0,43.0,28.0,24.0,28.0,28.0,24.0,23.0,21.0,2.0,1.0,0.0,1.0,0.0,2.0,1.0,8.0,10.0,8.0,13.0,12.0,5.0,7.0,9.0,9.0,9.0,10.0,16.0,8.0,11.0,2.0,4.0,2.0,3.0,4.0,4.0,3.0,mujeres,publica,ambos_formatos
                Resto de Europa,28.0,29.0,25.0,18.0,16.0,19.0,16.0,11.0,12.0,13.0,10.0,10.0,10.0,11.0,1.0,0.0,1.0,0.0,0.0,0.0,2.0,4.0,5.0,5.0,4.0,0.0,2.0,2.0,9.0,8.0,5.0,4.0,3.0,7.0,1.0,3.0,4.0,1.0,0.0,3.0,0.0,0.0,mujeres,publica,ambos_formatos
                EEUU y CanadỰ.0,0.0,1.0,3.0,1.0,0.0,1.0,0.0,0.0,1.0,2.0,0.0,0.0,0.0,0.0,0.0,0.0,0.0,0.0,0.0,1.0,0.0,0.0,0.0,0.0,1.0,0.0,0.0,0.0,0.0,0.0,1.0,0.0,0.0,0.0,0.0,0.0,0.0,0.0,0.0,0.0,0.0,-,mujeres,publica,ambos_formatos
                Am鲩ca Latina y Caribe,71.0,89.0,79.0,82.0,64.0,64.0,56.0,38.0,42.0,42.0,49.0,39.0,35.0,26.0,6.0,9.0,6.0,8.0,10.0,11.0,8.0,5.0,10.0,12.0,12.0,3.0,6.0,6.0,16.0,18.0,8.0,10.0,12.0,9.0,11.0,6.0,10.0,11.0,3.0,0.0,3.0,5.0,mujeres,publica,ambos_formatos
                Norte de frica,48.0,78.0,58.0,63.0,61.0,98.0,97.0,19.0,40.0,28.0,28.0,34.0,38.0,34.0,6.0,4.0,11.0,16.0,10.0,33.0,40.0,10.0,13.0,11.0,7.0,5.0,10.0,5.0,6.0,15.0,4.0,9.0,12.0,16.0,13.0,7.0,6.0,4.0,3.0,0.0,1.0,5.0,ambos_sexos,publica,ambos_formatos
                Resto de frica,2.0,4.0,2.0,6.0,10.0,4.0,4.0,2.0,2.0,0.0,4.0,6.0,1.0,3.0,0.0,1.0,0.0,0.0,1.0,1.0,0.0,0.0,0.0,1.0,2.0,0.0,0.0,0.0,0.0,1.0,1.0,0.0,3.0,1.0,1.0,0.0,0.0,0.0,0.0,0.0,1.0,0.0,ambos_sexos,publica,ambos_formatos
                Asia y Ocean_8.0,6.0,4.0,12.0,4.0,5.0,12.0,4.0,5.0,1.0,6.0,2.0,3.0,6.0,1.0,0.0,1.0,1.0,1.0,0.0,1.0,0.0,0.0,2.0,2.0,0.0,1.0,0.0,3.0,1.0,0.0,2.0,1.0,1.0,5.0,0.0,0.0,0.0,1.0,0.0,0.0,0.0,-,ambos_sexos,publica,ambos_formatos
        Presencial,-,-,-,-,-,-,-,-,-,-,-,-,-,-,-,-,-,-,-,-,-,-,-,-,-,-,-,-,-,-,-,-,-,-,-,-,-,-,-,-,-,-,ambos_sexos,publica,presencial
            Ambos sexos,-,-,-,-,-,-,-,-,-,-,-,-,-,-,-,-,-,-,-,-,-,-,-,-,-,-,-,-,-,-,-,-,-,-,-,-,-,-,-,-,-,-,ambos_sexos,publica,presencial
                Total,7758.0,7798.0,7370.0,7443.0,7358.0,7567.0,7252.0,3593.0,3599.0,3477.0,3490.0,3482.0,3561.0,3403.0,1260.0,1196.0,1084.0,1157.0,1082.0,1183.0,1249.0,922.0,945.0,880.0,806.0,825.0,852.0,768.0,1332.0,1389.0,1298.0,1355.0,1325.0,1340.0,1247.0,651.0,669.0,631.0,635.0,644.0,631.0,585.0,ambos_sexos,publica,presencial
                Espa񡻷405.0,7421.0,7008.0,7034.0,6996.0,7170.0,6884.0,3426.0,3419.0,3306.0,3281.0,3294.0,3402.0,3249.0,1198.0,1133.0,1005.0,1078.0,1001.0,1049.0,1131.0,881.0,897.0,830.0,750.0,799.0,818.0,740.0,1275.0,1335.0,1259.0,1309.0,1272.0,1285.0,1195.0,625.0,637.0,608.0,616.0,630.0,616.0,569.0,-,ambos_sexos,publica,presencial
                Uni󮠅uropea,76.0,76.0,69.0,75.0,93.0,65.0,66.0,41.0,37.0,36.0,39.0,45.0,29.0,33.0,7.0,9.0,6.0,4.0,11.0,11.0,7.0,14.0,15.0,12.0,16.0,14.0,9.0,8.0,11.0,10.0,12.0,13.0,18.0,11.0,14.0,3.0,5.0,3.0,3.0,5.0,5.0,4.0,ambos_sexos,publica,presencial
                Resto de Europa,47.0,47.0,34.0,45.0,25.0,25.0,33.0,18.0,25.0,15.0,18.0,14.0,10.0,19.0,7.0,4.0,5.0,12.0,3.0,3.0,8.0,6.0,6.0,5.0,7.0,0.0,3.0,4.0,10.0,8.0,7.0,5.0,4.0,8.0,2.0,6.0,4.0,2.0,3.0,4.0,1.0,0.0,ambos_sexos,publica,presencial
                EEUU y Canadự.0,1.0,2.0,6.0,3.0,1.0,1.0,0.0,0.0,2.0,4.0,2.0,1.0,0.0,0.0,0.0,0.0,0.0,0.0,0.0,1.0,0.0,1.0,0.0,0.0,1.0,0.0,0.0,1.0,0.0,0.0,1.0,0.0,0.0,0.0,0.0,0.0,0.0,1.0,0.0,0.0,0.0,-,ambos_sexos,publica,presencial
                Am鲩ca Latina y Caribe,134.0,134.0,137.0,138.0,104.0,105.0,90.0,67.0,60.0,68.0,75.0,55.0,47.0,40.0,26.0,31.0,28.0,26.0,27.0,29.0,23.0,9.0,12.0,15.0,19.0,5.0,9.0,7.0,22.0,18.0,12.0,13.0,14.0,14.0,14.0,10.0,13.0,14.0,5.0,3.0,6.0,6.0,ambos_sexos,publica,presencial
                Norte de frica,79.0,100.0,106.0,103.0,101.0,175.0,145.0,34.0,47.0,45.0,47.0,48.0,60.0,44.0,18.0,15.0,36.0,33.0,32.0,82.0,73.0,12.0,14.0,15.0,9.0,6.0,12.0,7.0,8.0,16.0,6.0,11.0,13.0,19.0,16.0,7.0,8.0,4.0,3.0,2.0,2.0,5.0,hombres,publica,presencial
                Resto de frica,5.0,9.0,5.0,11.0,14.0,7.0,7.0,2.0,6.0,2.0,7.0,8.0,3.0,3.0,2.0,1.0,1.0,1.0,3.0,2.0,1.0,0.0,0.0,1.0,3.0,0.0,0.0,2.0,1.0,1.0,1.0,0.0,3.0,1.0,1.0,0.0,1.0,0.0,0.0,0.0,1.0,0.0,hombres,publica,presencial
                Asia y Ocean_11.0,10.0,9.0,31.0,22.0,19.0,26.0,5.0,5.0,3.0,19.0,16.0,9.0,15.0,2.0,3.0,3.0,3.0,5.0,7.0,5.0,0.0,0.0,2.0,2.0,0.0,1.0,0.0,4.0,1.0,1.0,3.0,1.0,2.0,5.0,0.0,1.0,0.0,4.0,0.0,0.0,1.0,-,hombres,publica,presencial
            Hombres,-,-,-,-,-,-,-,-,-,-,-,-,-,-,-,-,-,-,-,-,-,-,-,-,-,-,-,-,-,-,-,-,-,-,-,-,-,-,-,-,-,-,hombres,publica,presencial
                Total,3493.0,3443.0,3182.0,3237.0,3110.0,3182.0,3020.0,1468.0,1443.0,1332.0,1361.0,1331.0,1332.0,1240.0,967.0,976.0,879.0,932.0,855.0,908.0,931.0,341.0,321.0,324.0,268.0,298.0,313.0,260.0,384.0,378.0,349.0,369.0,311.0,335.0,293.0,333.0,325.0,298.0,307.0,315.0,294.0,296.0,hombres,publica,presencial
                Espa񡻳346.0,3320.0,3036.0,3067.0,2960.0,3017.0,2881.0,1403.0,1388.0,1274.0,1279.0,1258.0,1283.0,1187.0,921.0,928.0,819.0,879.0,796.0,821.0,866.0,327.0,311.0,313.0,252.0,293.0,303.0,252.0,370.0,376.0,337.0,359.0,305.0,322.0,283.0,325.0,317.0,293.0,298.0,308.0,288.0,293.0,-,hombres,publica,presencial
                Uni󮠅uropea,27.0,28.0,22.0,20.0,37.0,23.0,23.0,13.0,13.0,8.0,11.0,21.0,6.0,12.0,5.0,8.0,6.0,3.0,11.0,9.0,6.0,6.0,5.0,4.0,3.0,2.0,4.0,1.0,2.0,1.0,3.0,3.0,2.0,3.0,3.0,1.0,1.0,1.0,0.0,1.0,1.0,1.0,hombres,publica,presencial
                Resto de Europa,19.0,18.0,9.0,27.0,9.0,6.0,17.0,7.0,13.0,2.0,8.0,4.0,0.0,8.0,6.0,4.0,4.0,12.0,3.0,3.0,6.0,2.0,1.0,0.0,3.0,0.0,1.0,2.0,1.0,0.0,2.0,1.0,1.0,1.0,1.0,3.0,0.0,1.0,3.0,1.0,1.0,0.0,hombres,publica,presencial
                EEUU y Canadự.0,1.0,1.0,3.0,2.0,1.0,0.0,0.0,0.0,1.0,2.0,2.0,1.0,0.0,0.0,0.0,0.0,0.0,0.0,0.0,0.0,0.0,1.0,0.0,0.0,0.0,0.0,0.0,1.0,0.0,0.0,0.0,0.0,0.0,0.0,0.0,0.0,0.0,1.0,0.0,0.0,0.0,-,hombres,publica,presencial
                Am鲩ca Latina y Caribe,63.0,45.0,58.0,56.0,40.0,41.0,34.0,29.0,18.0,26.0,26.0,16.0,12.0,14.0,20.0,22.0,22.0,18.0,17.0,18.0,15.0,4.0,2.0,3.0,7.0,2.0,3.0,1.0,6.0,0.0,4.0,3.0,2.0,5.0,3.0,4.0,3.0,3.0,2.0,3.0,3.0,1.0,hombres,publica,presencial
                Norte de frica,31.0,22.0,48.0,40.0,40.0,77.0,48.0,15.0,7.0,17.0,19.0,14.0,22.0,10.0,12.0,11.0,25.0,17.0,22.0,49.0,33.0,2.0,1.0,4.0,2.0,1.0,2.0,2.0,2.0,1.0,2.0,2.0,1.0,3.0,3.0,0.0,2.0,0.0,0.0,2.0,1.0,0.0,mujeres,publica,presencial
                Resto de frica,3.0,5.0,3.0,5.0,4.0,3.0,3.0,0.0,4.0,2.0,3.0,2.0,2.0,0.0,2.0,0.0,1.0,1.0,2.0,1.0,1.0,0.0,0.0,0.0,1.0,0.0,0.0,2.0,1.0,0.0,0.0,0.0,0.0,0.0,0.0,0.0,1.0,0.0,0.0,0.0,0.0,0.0,mujeres,publica,presencial
                Asia y Ocean_3.0,4.0,5.0,19.0,18.0,14.0,14.0,1.0,0.0,2.0,13.0,14.0,6.0,9.0,1.0,3.0,2.0,2.0,4.0,7.0,4.0,0.0,0.0,0.0,0.0,0.0,0.0,0.0,1.0,0.0,1.0,1.0,0.0,1.0,0.0,0.0,1.0,0.0,3.0,0.0,0.0,1.0,-,mujeres,publica,presencial
            Mujeres,-,-,-,-,-,-,-,-,-,-,-,-,-,-,-,-,-,-,-,-,-,-,-,-,-,-,-,-,-,-,-,-,-,-,-,-,-,-,-,-,-,-,mujeres,publica,presencial
                Total,4265.0,4355.0,4188.0,4206.0,4248.0,4385.0,4232.0,2125.0,2156.0,2145.0,2129.0,2151.0,2229.0,2163.0,293.0,220.0,205.0,225.0,227.0,275.0,318.0,581.0,624.0,556.0,538.0,527.0,539.0,508.0,948.0,1011.0,949.0,986.0,1014.0,1005.0,954.0,318.0,344.0,333.0,328.0,329.0,337.0,289.0,mujeres,publica,presencial
                Espa񡻴059.0,4101.0,3972.0,3967.0,4036.0,4153.0,4003.0,2023.0,2031.0,2032.0,2002.0,2036.0,2119.0,2062.0,277.0,205.0,186.0,199.0,205.0,228.0,265.0,554.0,586.0,517.0,498.0,506.0,515.0,488.0,905.0,959.0,922.0,950.0,967.0,963.0,912.0,300.0,320.0,315.0,318.0,322.0,328.0,276.0,-,mujeres,publica,presencial
                Uni󮠅uropea,49.0,48.0,47.0,55.0,56.0,42.0,43.0,28.0,24.0,28.0,28.0,24.0,23.0,21.0,2.0,1.0,0.0,1.0,0.0,2.0,1.0,8.0,10.0,8.0,13.0,12.0,5.0,7.0,9.0,9.0,9.0,10.0,16.0,8.0,11.0,2.0,4.0,2.0,3.0,4.0,4.0,3.0,mujeres,publica,presencial
                Resto de Europa,28.0,29.0,25.0,18.0,16.0,19.0,16.0,11.0,12.0,13.0,10.0,10.0,10.0,11.0,1.0,0.0,1.0,0.0,0.0,0.0,2.0,4.0,5.0,5.0,4.0,0.0,2.0,2.0,9.0,8.0,5.0,4.0,3.0,7.0,1.0,3.0,4.0,1.0,0.0,3.0,0.0,0.0,mujeres,publica,presencial
                EEUU y CanadỰ.0,0.0,1.0,3.0,1.0,0.0,1.0,0.0,0.0,1.0,2.0,0.0,0.0,0.0,0.0,0.0,0.0,0.0,0.0,0.0,1.0,0.0,0.0,0.0,0.0,1.0,0.0,0.0,0.0,0.0,0.0,1.0,0.0,0.0,0.0,0.0,0.0,0.0,0.0,0.0,0.0,0.0,-,mujeres,publica,presencial
                Am鲩ca Latina y Caribe,71.0,89.0,79.0,82.0,64.0,64.0,56.0,38.0,42.0,42.0,49.0,39.0,35.0,26.0,6.0,9.0,6.0,8.0,10.0,11.0,8.0,5.0,10.0,12.0,12.0,3.0,6.0,6.0,16.0,18.0,8.0,10.0,12.0,9.0,11.0,6.0,10.0,11.0,3.0,0.0,3.0,5.0,mujeres,publica,presencial
                Norte de frica,48.0,78.0,58.0,63.0,61.0,98.0,97.0,19.0,40.0,28.0,28.0,34.0,38.0,34.0,6.0,4.0,11.0,16.0,10.0,33.0,40.0,10.0,13.0,11.0,7.0,5.0,10.0,5.0,6.0,15.0,4.0,9.0,12.0,16.0,13.0,7.0,6.0,4.0,3.0,0.0,1.0,5.0,ambos_sexos,publica,presencial
                Resto de frica,2.0,4.0,2.0,6.0,10.0,4.0,4.0,2.0,2.0,0.0,4.0,6.0,1.0,3.0,0.0,1.0,0.0,0.0,1.0,1.0,0.0,0.0,0.0,1.0,2.0,0.0,0.0,0.0,0.0,1.0,1.0,0.0,3.0,1.0,1.0,0.0,0.0,0.0,0.0,0.0,1.0,0.0,ambos_sexos,publica,presencial
                Asia y Ocean_8.0,6.0,4.0,12.0,4.0,5.0,12.0,4.0,5.0,1.0,6.0,2.0,3.0,6.0,1.0,0.0,1.0,1.0,1.0,0.0,1.0,0.0,0.0,2.0,2.0,0.0,1.0,0.0,3.0,1.0,0.0,2.0,1.0,1.0,5.0,0.0,0.0,0.0,1.0,0.0,0.0,0.0,-,ambos_sexos,publica,presencial
        No Presencial,-,-,-,-,-,-,-,-,-,-,-,-,-,-,-,-,-,-,-,-,-,-,-,-,-,-,-,-,-,-,-,-,-,-,-,-,-,-,-,-,-,-,ambos_sexos,publica,online
            Ambos sexos,-,-,-,-,-,-,-,-,-,-,-,-,-,-,-,-,-,-,-,-,-,-,-,-,-,-,-,-,-,-,-,-,-,-,-,-,-,-,-,-,-,-,ambos_sexos,publica,online
                Total,0.0,0.0,0.0,0.0,0.0,0.0,0.0,0.0,0.0,0.0,0.0,0.0,0.0,0.0,0.0,0.0,0.0,0.0,0.0,0.0,0.0,0.0,0.0,0.0,0.0,0.0,0.0,0.0,0.0,0.0,0.0,0.0,0.0,0.0,0.0,0.0,0.0,0.0,0.0,0.0,0.0,0.0,ambos_sexos,publica,online
                Espa񡻰.0,0.0,0.0,0.0,0.0,0.0,0.0,0.0,0.0,0.0,0.0,0.0,0.0,0.0,0.0,0.0,0.0,0.0,0.0,0.0,0.0,0.0,0.0,0.0,0.0,0.0,0.0,0.0,0.0,0.0,0.0,0.0,0.0,0.0,0.0,0.0,0.0,0.0,0.0,0.0,0.0,0.0,-,ambos_sexos,publica,online
                Uni󮠅uropea,0.0,0.0,0.0,0.0,0.0,0.0,0.0,0.0,0.0,0.0,0.0,0.0,0.0,0.0,0.0,0.0,0.0,0.0,0.0,0.0,0.0,0.0,0.0,0.0,0.0,0.0,0.0,0.0,0.0,0.0,0.0,0.0,0.0,0.0,0.0,0.0,0.0,0.0,0.0,0.0,0.0,0.0,ambos_sexos,publica,online
                Resto de Europa,0.0,0.0,0.0,0.0,0.0,0.0,0.0,0.0,0.0,0.0,0.0,0.0,0.0,0.0,0.0,0.0,0.0,0.0,0.0,0.0,0.0,0.0,0.0,0.0,0.0,0.0,0.0,0.0,0.0,0.0,0.0,0.0,0.0,0.0,0.0,0.0,0.0,0.0,0.0,0.0,0.0,0.0,ambos_sexos,publica,online
                EEUU y CanadỰ.0,0.0,0.0,0.0,0.0,0.0,0.0,0.0,0.0,0.0,0.0,0.0,0.0,0.0,0.0,0.0,0.0,0.0,0.0,0.0,0.0,0.0,0.0,0.0,0.0,0.0,0.0,0.0,0.0,0.0,0.0,0.0,0.0,0.0,0.0,0.0,0.0,0.0,0.0,0.0,0.0,0.0,-,ambos_sexos,publica,online
                Am鲩ca Latina y Caribe,0.0,0.0,0.0,0.0,0.0,0.0,0.0,0.0,0.0,0.0,0.0,0.0,0.0,0.0,0.0,0.0,0.0,0.0,0.0,0.0,0.0,0.0,0.0,0.0,0.0,0.0,0.0,0.0,0.0,0.0,0.0,0.0,0.0,0.0,0.0,0.0,0.0,0.0,0.0,0.0,0.0,0.0,ambos_sexos,publica,online
                Norte de frica,0.0,0.0,0.0,0.0,0.0,0.0,0.0,0.0,0.0,0.0,0.0,0.0,0.0,0.0,0.0,0.0,0.0,0.0,0.0,0.0,0.0,0.0,0.0,0.0,0.0,0.0,0.0,0.0,0.0,0.0,0.0,0.0,0.0,0.0,0.0,0.0,0.0,0.0,0.0,0.0,0.0,0.0,hombres,publica,online
                Resto de frica,0.0,0.0,0.0,0.0,0.0,0.0,0.0,0.0,0.0,0.0,0.0,0.0,0.0,0.0,0.0,0.0,0.0,0.0,0.0,0.0,0.0,0.0,0.0,0.0,0.0,0.0,0.0,0.0,0.0,0.0,0.0,0.0,0.0,0.0,0.0,0.0,0.0,0.0,0.0,0.0,0.0,0.0,hombres,publica,online
                Asia y Ocean_0.0,0.0,0.0,0.0,0.0,0.0,0.0,0.0,0.0,0.0,0.0,0.0,0.0,0.0,0.0,0.0,0.0,0.0,0.0,0.0,0.0,0.0,0.0,0.0,0.0,0.0,0.0,0.0,0.0,0.0,0.0,0.0,0.0,0.0,0.0,0.0,0.0,0.0,0.0,0.0,0.0,0.0,-,hombres,publica,online
            Hombres,-,-,-,-,-,-,-,-,-,-,-,-,-,-,-,-,-,-,-,-,-,-,-,-,-,-,-,-,-,-,-,-,-,-,-,-,-,-,-,-,-,-,hombres,publica,online
                Total,0.0,0.0,0.0,0.0,0.0,0.0,0.0,0.0,0.0,0.0,0.0,0.0,0.0,0.0,0.0,0.0,0.0,0.0,0.0,0.0,0.0,0.0,0.0,0.0,0.0,0.0,0.0,0.0,0.0,0.0,0.0,0.0,0.0,0.0,0.0,0.0,0.0,0.0,0.0,0.0,0.0,0.0,hombres,publica,online
                Espa񡻰.0,0.0,0.0,0.0,0.0,0.0,0.0,0.0,0.0,0.0,0.0,0.0,0.0,0.0,0.0,0.0,0.0,0.0,0.0,0.0,0.0,0.0,0.0,0.0,0.0,0.0,0.0,0.0,0.0,0.0,0.0,0.0,0.0,0.0,0.0,0.0,0.0,0.0,0.0,0.0,0.0,0.0,-,hombres,publica,online
                Uni󮠅uropea,0.0,0.0,0.0,0.0,0.0,0.0,0.0,0.0,0.0,0.0,0.0,0.0,0.0,0.0,0.0,0.0,0.0,0.0,0.0,0.0,0.0,0.0,0.0,0.0,0.0,0.0,0.0,0.0,0.0,0.0,0.0,0.0,0.0,0.0,0.0,0.0,0.0,0.0,0.0,0.0,0.0,0.0,hombres,publica,online
                Resto de Europa,0.0,0.0,0.0,0.0,0.0,0.0,0.0,0.0,0.0,0.0,0.0,0.0,0.0,0.0,0.0,0.0,0.0,0.0,0.0,0.0,0.0,0.0,0.0,0.0,0.0,0.0,0.0,0.0,0.0,0.0,0.0,0.0,0.0,0.0,0.0,0.0,0.0,0.0,0.0,0.0,0.0,0.0,hombres,publica,online
                EEUU y CanadỰ.0,0.0,0.0,0.0,0.0,0.0,0.0,0.0,0.0,0.0,0.0,0.0,0.0,0.0,0.0,0.0,0.0,0.0,0.0,0.0,0.0,0.0,0.0,0.0,0.0,0.0,0.0,0.0,0.0,0.0,0.0,0.0,0.0,0.0,0.0,0.0,0.0,0.0,0.0,0.0,0.0,0.0,-,hombres,publica,online
                Am鲩ca Latina y Caribe,0.0,0.0,0.0,0.0,0.0,0.0,0.0,0.0,0.0,0.0,0.0,0.0,0.0,0.0,0.0,0.0,0.0,0.0,0.0,0.0,0.0,0.0,0.0,0.0,0.0,0.0,0.0,0.0,0.0,0.0,0.0,0.0,0.0,0.0,0.0,0.0,0.0,0.0,0.0,0.0,0.0,0.0,hombres,publica,online
                Norte de frica,0.0,0.0,0.0,0.0,0.0,0.0,0.0,0.0,0.0,0.0,0.0,0.0,0.0,0.0,0.0,0.0,0.0,0.0,0.0,0.0,0.0,0.0,0.0,0.0,0.0,0.0,0.0,0.0,0.0,0.0,0.0,0.0,0.0,0.0,0.0,0.0,0.0,0.0,0.0,0.0,0.0,0.0,mujeres,publica,online
                Resto de frica,0.0,0.0,0.0,0.0,0.0,0.0,0.0,0.0,0.0,0.0,0.0,0.0,0.0,0.0,0.0,0.0,0.0,0.0,0.0,0.0,0.0,0.0,0.0,0.0,0.0,0.0,0.0,0.0,0.0,0.0,0.0,0.0,0.0,0.0,0.0,0.0,0.0,0.0,0.0,0.0,0.0,0.0,mujeres,publica,online
                Asia y Ocean_0.0,0.0,0.0,0.0,0.0,0.0,0.0,0.0,0.0,0.0,0.0,0.0,0.0,0.0,0.0,0.0,0.0,0.0,0.0,0.0,0.0,0.0,0.0,0.0,0.0,0.0,0.0,0.0,0.0,0.0,0.0,0.0,0.0,0.0,0.0,0.0,0.0,0.0,0.0,0.0,0.0,0.0,-,mujeres,publica,online
            Mujeres,-,-,-,-,-,-,-,-,-,-,-,-,-,-,-,-,-,-,-,-,-,-,-,-,-,-,-,-,-,-,-,-,-,-,-,-,-,-,-,-,-,-,mujeres,publica,online
                Total,0.0,0.0,0.0,0.0,0.0,0.0,0.0,0.0,0.0,0.0,0.0,0.0,0.0,0.0,0.0,0.0,0.0,0.0,0.0,0.0,0.0,0.0,0.0,0.0,0.0,0.0,0.0,0.0,0.0,0.0,0.0,0.0,0.0,0.0,0.0,0.0,0.0,0.0,0.0,0.0,0.0,0.0,mujeres,publica,online
                Espa񡻰.0,0.0,0.0,0.0,0.0,0.0,0.0,0.0,0.0,0.0,0.0,0.0,0.0,0.0,0.0,0.0,0.0,0.0,0.0,0.0,0.0,0.0,0.0,0.0,0.0,0.0,0.0,0.0,0.0,0.0,0.0,0.0,0.0,0.0,0.0,0.0,0.0,0.0,0.0,0.0,0.0,0.0,-,mujeres,publica,online
                Uni󮠅uropea,0.0,0.0,0.0,0.0,0.0,0.0,0.0,0.0,0.0,0.0,0.0,0.0,0.0,0.0,0.0,0.0,0.0,0.0,0.0,0.0,0.0,0.0,0.0,0.0,0.0,0.0,0.0,0.0,0.0,0.0,0.0,0.0,0.0,0.0,0.0,0.0,0.0,0.0,0.0,0.0,0.0,0.0,mujeres,publica,online
                Resto de Europa,0.0,0.0,0.0,0.0,0.0,0.0,0.0,0.0,0.0,0.0,0.0,0.0,0.0,0.0,0.0,0.0,0.0,0.0,0.0,0.0,0.0,0.0,0.0,0.0,0.0,0.0,0.0,0.0,0.0,0.0,0.0,0.0,0.0,0.0,0.0,0.0,0.0,0.0,0.0,0.0,0.0,0.0,mujeres,publica,online
                EEUU y CanadỰ.0,0.0,0.0,0.0,0.0,0.0,0.0,0.0,0.0,0.0,0.0,0.0,0.0,0.0,0.0,0.0,0.0,0.0,0.0,0.0,0.0,0.0,0.0,0.0,0.0,0.0,0.0,0.0,0.0,0.0,0.0,0.0,0.0,0.0,0.0,0.0,0.0,0.0,0.0,0.0,0.0,0.0,-,mujeres,publica,online
                Am鲩ca Latina y Caribe,0.0,0.0,0.0,0.0,0.0,0.0,0.0,0.0,0.0,0.0,0.0,0.0,0.0,0.0,0.0,0.0,0.0,0.0,0.0,0.0,0.0,0.0,0.0,0.0,0.0,0.0,0.0,0.0,0.0,0.0,0.0,0.0,0.0,0.0,0.0,0.0,0.0,0.0,0.0,0.0,0.0,0.0,mujeres,publica,online
                Norte de frica,0.0,0.0,0.0,0.0,0.0,0.0,0.0,0.0,0.0,0.0,0.0,0.0,0.0,0.0,0.0,0.0,0.0,0.0,0.0,0.0,0.0,0.0,0.0,0.0,0.0,0.0,0.0,0.0,0.0,0.0,0.0,0.0,0.0,0.0,0.0,0.0,0.0,0.0,0.0,0.0,0.0,0.0,ambos_sexos,privada,online
                Resto de frica,0.0,0.0,0.0,0.0,0.0,0.0,0.0,0.0,0.0,0.0,0.0,0.0,0.0,0.0,0.0,0.0,0.0,0.0,0.0,0.0,0.0,0.0,0.0,0.0,0.0,0.0,0.0,0.0,0.0,0.0,0.0,0.0,0.0,0.0,0.0,0.0,0.0,0.0,0.0,0.0,0.0,0.0,ambos_sexos,privada,online
                Asia y Ocean_0.0,0.0,0.0,0.0,0.0,0.0,0.0,0.0,0.0,0.0,0.0,0.0,0.0,0.0,0.0,0.0,0.0,0.0,0.0,0.0,0.0,0.0,0.0,0.0,0.0,0.0,0.0,0.0,0.0,0.0,0.0,0.0,0.0,0.0,0.0,0.0,0.0,0.0,0.0,0.0,0.0,0.0,-,ambos_sexos,privada,online
    Privada,-,-,-,-,-,-,-,-,-,-,-,-,-,-,-,-,-,-,-,-,-,-,-,-,-,-,-,-,-,-,-,-,-,-,-,-,-,-,-,-,-,-,ambos_sexos,privada,ambos_formatos
        Total,-,-,-,-,-,-,-,-,-,-,-,-,-,-,-,-,-,-,-,-,-,-,-,-,-,-,-,-,-,-,-,-,-,-,-,-,-,-,-,-,-,-,ambos_sexos,privada,ambos_formatos
            Ambos sexos,-,-,-,-,-,-,-,-,-,-,-,-,-,-,-,-,-,-,-,-,-,-,-,-,-,-,-,-,-,-,-,-,-,-,-,-,-,-,-,-,-,-,ambos_sexos,privada,ambos_formatos
                Total,2725.0,3050.0,3161.0,2966.0,3238.0,3348.0,3748.0,1377.0,1433.0,1588.0,1301.0,1633.0,1515.0,1640.0,203.0,208.0,203.0,233.0,193.0,221.0,289.0,19.0,21.0,11.0,46.0,48.0,31.0,21.0,1100.0,1324.0,1271.0,1313.0,1293.0,1476.0,1739.0,26.0,64.0,88.0,73.0,71.0,105.0,59.0,ambos_sexos,privada,ambos_formatos
                Espa񡻲547.0,2711.0,2828.0,2603.0,2881.0,3013.0,3299.0,1330.0,1306.0,1503.0,1193.0,1517.0,1429.0,1493.0,197.0,202.0,190.0,220.0,181.0,195.0,262.0,15.0,16.0,10.0,39.0,37.0,22.0,18.0,980.0,1126.0,1040.0,1078.0,1078.0,1266.0,1470.0,25.0,61.0,85.0,73.0,68.0,101.0,56.0,-,ambos_sexos,privada,ambos_formatos
                Uni󮠅uropea,132.0,259.0,221.0,244.0,218.0,179.0,247.0,22.0,82.0,23.0,47.0,39.0,16.0,53.0,1.0,0.0,3.0,3.0,1.0,4.0,1.0,2.0,1.0,0.0,1.0,6.0,4.0,2.0,107.0,175.0,195.0,193.0,172.0,153.0,188.0,0.0,1.0,0.0,0.0,0.0,2.0,3.0,ambos_sexos,privada,ambos_formatos
                Resto de Europa,14.0,25.0,13.0,20.0,13.0,14.0,30.0,7.0,13.0,9.0,14.0,9.0,6.0,14.0,2.0,0.0,1.0,1.0,1.0,1.0,1.0,1.0,3.0,1.0,1.0,1.0,0.0,1.0,4.0,8.0,2.0,4.0,1.0,7.0,14.0,0.0,1.0,0.0,0.0,1.0,0.0,0.0,ambos_sexos,privada,ambos_formatos
                EEUU y CanadỰ.0,0.0,2.0,4.0,3.0,8.0,10.0,0.0,0.0,1.0,0.0,2.0,2.0,3.0,0.0,0.0,0.0,0.0,0.0,0.0,0.0,0.0,0.0,0.0,2.0,0.0,0.0,0.0,0.0,0.0,1.0,2.0,1.0,6.0,7.0,0.0,0.0,0.0,0.0,0.0,0.0,0.0,-,ambos_sexos,privada,ambos_formatos
                Am鲩ca Latina y Caribe,22.0,37.0,60.0,42.0,56.0,57.0,93.0,10.0,20.0,26.0,19.0,29.0,20.0,48.0,3.0,3.0,7.0,7.0,8.0,17.0,21.0,0.0,1.0,0.0,3.0,1.0,5.0,0.0,8.0,13.0,25.0,13.0,17.0,14.0,24.0,1.0,0.0,2.0,0.0,1.0,1.0,0.0,ambos_sexos,privada,ambos_formatos
                Norte de frica,1.0,3.0,11.0,9.0,20.0,25.0,17.0,1.0,2.0,6.0,3.0,11.0,11.0,4.0,0.0,1.0,1.0,0.0,2.0,1.0,1.0,0.0,0.0,0.0,0.0,0.0,0.0,0.0,0.0,0.0,3.0,6.0,7.0,12.0,12.0,0.0,0.0,1.0,0.0,0.0,1.0,0.0,hombres,privada,ambos_formatos
                Resto de frica,2.0,3.0,4.0,7.0,5.0,7.0,11.0,1.0,1.0,0.0,5.0,4.0,3.0,7.0,0.0,1.0,1.0,1.0,0.0,2.0,2.0,0.0,0.0,0.0,0.0,0.0,0.0,0.0,1.0,1.0,3.0,1.0,1.0,2.0,2.0,0.0,0.0,0.0,0.0,0.0,0.0,0.0,hombres,privada,ambos_formatos
                Asia y Ocean_7.0,12.0,22.0,37.0,42.0,45.0,41.0,6.0,9.0,20.0,20.0,22.0,28.0,18.0,0.0,1.0,0.0,1.0,0.0,1.0,1.0,1.0,0.0,0.0,0.0,3.0,0.0,0.0,0.0,1.0,2.0,16.0,16.0,16.0,22.0,0.0,1.0,0.0,0.0,1.0,0.0,0.0,-,hombres,privada,ambos_formatos
            Hombres,-,-,-,-,-,-,-,-,-,-,-,-,-,-,-,-,-,-,-,-,-,-,-,-,-,-,-,-,-,-,-,-,-,-,-,-,-,-,-,-,-,-,hombres,privada,ambos_formatos
                Total,1227.0,1390.0,1345.0,1325.0,1351.0,1420.0,1632.0,617.0,675.0,637.0,630.0,676.0,657.0,757.0,170.0,172.0,167.0,188.0,162.0,183.0,234.0,4.0,4.0,4.0,14.0,15.0,5.0,8.0,427.0,511.0,504.0,466.0,470.0,531.0,612.0,9.0,28.0,33.0,27.0,28.0,44.0,21.0,hombres,privada,ambos_formatos
                Espa񡻱132.0,1211.0,1164.0,1138.0,1138.0,1229.0,1401.0,598.0,604.0,601.0,566.0,604.0,594.0,673.0,165.0,168.0,159.0,180.0,153.0,164.0,212.0,4.0,3.0,4.0,10.0,11.0,4.0,8.0,357.0,408.0,368.0,355.0,342.0,423.0,487.0,8.0,28.0,32.0,27.0,28.0,44.0,21.0,-,hombres,privada,ambos_formatos
                Uni󮠅uropea,77.0,145.0,130.0,126.0,135.0,93.0,119.0,9.0,51.0,5.0,24.0,23.0,9.0,27.0,1.0,0.0,1.0,2.0,1.0,2.0,1.0,0.0,0.0,0.0,1.0,1.0,0.0,0.0,67.0,94.0,124.0,99.0,110.0,82.0,91.0,0.0,0.0,0.0,0.0,0.0,0.0,0.0,hombres,privada,ambos_formatos
                Resto de Europa,4.0,7.0,7.0,8.0,7.0,8.0,11.0,1.0,4.0,4.0,8.0,6.0,5.0,8.0,2.0,0.0,1.0,0.0,1.0,1.0,1.0,0.0,1.0,0.0,0.0,0.0,0.0,0.0,1.0,2.0,2.0,0.0,0.0,2.0,2.0,0.0,0.0,0.0,0.0,0.0,0.0,0.0,hombres,privada,ambos_formatos
                EEUU y CanadỰ.0,0.0,1.0,2.0,2.0,6.0,8.0,0.0,0.0,0.0,0.0,2.0,2.0,3.0,0.0,0.0,0.0,0.0,0.0,0.0,0.0,0.0,0.0,0.0,2.0,0.0,0.0,0.0,0.0,0.0,1.0,0.0,0.0,4.0,5.0,0.0,0.0,0.0,0.0,0.0,0.0,0.0,-,hombres,privada,ambos_formatos
                Am鲩ca Latina y Caribe,9.0,13.0,21.0,19.0,23.0,27.0,43.0,4.0,6.0,7.0,12.0,14.0,11.0,21.0,2.0,2.0,5.0,4.0,5.0,12.0,16.0,0.0,0.0,0.0,1.0,0.0,1.0,0.0,2.0,5.0,8.0,2.0,4.0,3.0,6.0,1.0,0.0,1.0,0.0,0.0,0.0,0.0,hombres,privada,ambos_formatos
                Norte de frica,1.0,2.0,5.0,5.0,9.0,18.0,12.0,1.0,2.0,4.0,2.0,6.0,10.0,3.0,0.0,0.0,0.0,0.0,2.0,1.0,1.0,0.0,0.0,0.0,0.0,0.0,0.0,0.0,0.0,0.0,1.0,3.0,1.0,7.0,8.0,0.0,0.0,0.0,0.0,0.0,0.0,0.0,mujeres,privada,ambos_formatos
                Resto de frica,1.0,3.0,1.0,5.0,5.0,5.0,8.0,1.0,1.0,0.0,4.0,4.0,2.0,6.0,0.0,1.0,1.0,1.0,0.0,2.0,2.0,0.0,0.0,0.0,0.0,0.0,0.0,0.0,0.0,1.0,0.0,0.0,1.0,1.0,0.0,0.0,0.0,0.0,0.0,0.0,0.0,0.0,mujeres,privada,ambos_formatos
                Asia y Ocean_3.0,9.0,16.0,22.0,32.0,34.0,30.0,3.0,7.0,16.0,14.0,17.0,24.0,16.0,0.0,1.0,0.0,1.0,0.0,1.0,1.0,0.0,0.0,0.0,0.0,3.0,0.0,0.0,0.0,1.0,0.0,7.0,12.0,9.0,13.0,0.0,0.0,0.0,0.0,0.0,0.0,0.0,-,mujeres,privada,ambos_formatos
            Mujeres,-,-,-,-,-,-,-,-,-,-,-,-,-,-,-,-,-,-,-,-,-,-,-,-,-,-,-,-,-,-,-,-,-,-,-,-,-,-,-,-,-,-,mujeres,privada,ambos_formatos
                Total,1498.0,1660.0,1816.0,1641.0,1887.0,1928.0,2116.0,760.0,758.0,951.0,671.0,957.0,858.0,883.0,33.0,36.0,36.0,45.0,31.0,38.0,55.0,15.0,17.0,7.0,32.0,33.0,26.0,13.0,673.0,813.0,767.0,847.0,823.0,945.0,1127.0,17.0,36.0,55.0,46.0,43.0,61.0,38.0,mujeres,privada,ambos_formatos
                Espa񡻱415.0,1500.0,1664.0,1465.0,1743.0,1784.0,1898.0,732.0,702.0,902.0,627.0,913.0,835.0,820.0,32.0,34.0,31.0,40.0,28.0,31.0,50.0,11.0,13.0,6.0,29.0,26.0,18.0,10.0,623.0,718.0,672.0,723.0,736.0,843.0,983.0,17.0,33.0,53.0,46.0,40.0,57.0,35.0,-,mujeres,privada,ambos_formatos
                Uni󮠅uropea,55.0,114.0,91.0,118.0,83.0,86.0,128.0,13.0,31.0,18.0,23.0,16.0,7.0,26.0,0.0,0.0,2.0,1.0,0.0,2.0,0.0,2.0,1.0,0.0,0.0,5.0,4.0,2.0,40.0,81.0,71.0,94.0,62.0,71.0,97.0,0.0,1.0,0.0,0.0,0.0,2.0,3.0,mujeres,privada,ambos_formatos
                Resto de Europa,10.0,18.0,6.0,12.0,6.0,6.0,19.0,6.0,9.0,5.0,6.0,3.0,1.0,6.0,0.0,0.0,0.0,1.0,0.0,0.0,0.0,1.0,2.0,1.0,1.0,1.0,0.0,1.0,3.0,6.0,0.0,4.0,1.0,5.0,12.0,0.0,1.0,0.0,0.0,1.0,0.0,0.0,mujeres,privada,ambos_formatos
                EEUU y CanadỰ.0,0.0,1.0,2.0,1.0,2.0,2.0,0.0,0.0,1.0,0.0,0.0,0.0,0.0,0.0,0.0,0.0,0.0,0.0,0.0,0.0,0.0,0.0,0.0,0.0,0.0,0.0,0.0,0.0,0.0,0.0,2.0,1.0,2.0,2.0,0.0,0.0,0.0,0.0,0.0,0.0,0.0,-,mujeres,privada,ambos_formatos
                Am鲩ca Latina y Caribe,13.0,24.0,39.0,23.0,33.0,30.0,50.0,6.0,14.0,19.0,7.0,15.0,9.0,27.0,1.0,1.0,2.0,3.0,3.0,5.0,5.0,0.0,1.0,0.0,2.0,1.0,4.0,0.0,6.0,8.0,17.0,11.0,13.0,11.0,18.0,0.0,0.0,1.0,0.0,1.0,1.0,0.0,mujeres,privada,ambos_formatos
                Norte de frica,0.0,1.0,6.0,4.0,11.0,7.0,5.0,0.0,0.0,2.0,1.0,5.0,1.0,1.0,0.0,1.0,1.0,0.0,0.0,0.0,0.0,0.0,0.0,0.0,0.0,0.0,0.0,0.0,0.0,0.0,2.0,3.0,6.0,5.0,4.0,0.0,0.0,1.0,0.0,0.0,1.0,0.0,ambos_sexos,privada,ambos_formatos
                Resto de frica,1.0,0.0,3.0,2.0,0.0,2.0,3.0,0.0,0.0,0.0,1.0,0.0,1.0,1.0,0.0,0.0,0.0,0.0,0.0,0.0,0.0,0.0,0.0,0.0,0.0,0.0,0.0,0.0,1.0,0.0,3.0,1.0,0.0,1.0,2.0,0.0,0.0,0.0,0.0,0.0,0.0,0.0,ambos_sexos,privada,ambos_formatos
                Asia y Ocean_4.0,3.0,6.0,15.0,10.0,11.0,11.0,3.0,2.0,4.0,6.0,5.0,4.0,2.0,0.0,0.0,0.0,0.0,0.0,0.0,0.0,1.0,0.0,0.0,0.0,0.0,0.0,0.0,0.0,0.0,2.0,9.0,4.0,7.0,9.0,0.0,1.0,0.0,0.0,1.0,0.0,0.0,-,ambos_sexos,privada,ambos_formatos
        Presencial,-,-,-,-,-,-,-,-,-,-,-,-,-,-,-,-,-,-,-,-,-,-,-,-,-,-,-,-,-,-,-,-,-,-,-,-,-,-,-,-,-,-,ambos_sexos,privada,presencial
            Ambos sexos,-,-,-,-,-,-,-,-,-,-,-,-,-,-,-,-,-,-,-,-,-,-,-,-,-,-,-,-,-,-,-,-,-,-,-,-,-,-,-,-,-,-,ambos_sexos,privada,presencial
                Total,2725.0,3050.0,3161.0,2966.0,3238.0,3348.0,3748.0,1377.0,1433.0,1588.0,1301.0,1633.0,1515.0,1640.0,203.0,208.0,203.0,233.0,193.0,221.0,289.0,19.0,21.0,11.0,46.0,48.0,31.0,21.0,1100.0,1324.0,1271.0,1313.0,1293.0,1476.0,1739.0,26.0,64.0,88.0,73.0,71.0,105.0,59.0,ambos_sexos,privada,presencial
                Espa񡻲547.0,2711.0,2828.0,2603.0,2881.0,3013.0,3299.0,1330.0,1306.0,1503.0,1193.0,1517.0,1429.0,1493.0,197.0,202.0,190.0,220.0,181.0,195.0,262.0,15.0,16.0,10.0,39.0,37.0,22.0,18.0,980.0,1126.0,1040.0,1078.0,1078.0,1266.0,1470.0,25.0,61.0,85.0,73.0,68.0,101.0,56.0,-,ambos_sexos,privada,presencial
                Uni󮠅uropea,132.0,259.0,221.0,244.0,218.0,179.0,247.0,22.0,82.0,23.0,47.0,39.0,16.0,53.0,1.0,0.0,3.0,3.0,1.0,4.0,1.0,2.0,1.0,0.0,1.0,6.0,4.0,2.0,107.0,175.0,195.0,193.0,172.0,153.0,188.0,0.0,1.0,0.0,0.0,0.0,2.0,3.0,ambos_sexos,privada,presencial
                Resto de Europa,14.0,25.0,13.0,20.0,13.0,14.0,30.0,7.0,13.0,9.0,14.0,9.0,6.0,14.0,2.0,0.0,1.0,1.0,1.0,1.0,1.0,1.0,3.0,1.0,1.0,1.0,0.0,1.0,4.0,8.0,2.0,4.0,1.0,7.0,14.0,0.0,1.0,0.0,0.0,1.0,0.0,0.0,ambos_sexos,privada,presencial
                EEUU y CanadỰ.0,0.0,2.0,4.0,3.0,8.0,10.0,0.0,0.0,1.0,0.0,2.0,2.0,3.0,0.0,0.0,0.0,0.0,0.0,0.0,0.0,0.0,0.0,0.0,2.0,0.0,0.0,0.0,0.0,0.0,1.0,2.0,1.0,6.0,7.0,0.0,0.0,0.0,0.0,0.0,0.0,0.0,-,ambos_sexos,privada,presencial
                Am鲩ca Latina y Caribe,22.0,37.0,60.0,42.0,56.0,57.0,93.0,10.0,20.0,26.0,19.0,29.0,20.0,48.0,3.0,3.0,7.0,7.0,8.0,17.0,21.0,0.0,1.0,0.0,3.0,1.0,5.0,0.0,8.0,13.0,25.0,13.0,17.0,14.0,24.0,1.0,0.0,2.0,0.0,1.0,1.0,0.0,ambos_sexos,privada,presencial
                Norte de frica,1.0,3.0,11.0,9.0,20.0,25.0,17.0,1.0,2.0,6.0,3.0,11.0,11.0,4.0,0.0,1.0,1.0,0.0,2.0,1.0,1.0,0.0,0.0,0.0,0.0,0.0,0.0,0.0,0.0,0.0,3.0,6.0,7.0,12.0,12.0,0.0,0.0,1.0,0.0,0.0,1.0,0.0,hombres,privada,presencial
                Resto de frica,2.0,3.0,4.0,7.0,5.0,7.0,11.0,1.0,1.0,0.0,5.0,4.0,3.0,7.0,0.0,1.0,1.0,1.0,0.0,2.0,2.0,0.0,0.0,0.0,0.0,0.0,0.0,0.0,1.0,1.0,3.0,1.0,1.0,2.0,2.0,0.0,0.0,0.0,0.0,0.0,0.0,0.0,hombres,privada,presencial
                Asia y Ocean_7.0,12.0,22.0,37.0,42.0,45.0,41.0,6.0,9.0,20.0,20.0,22.0,28.0,18.0,0.0,1.0,0.0,1.0,0.0,1.0,1.0,1.0,0.0,0.0,0.0,3.0,0.0,0.0,0.0,1.0,2.0,16.0,16.0,16.0,22.0,0.0,1.0,0.0,0.0,1.0,0.0,0.0,-,hombres,privada,presencial
            Hombres,-,-,-,-,-,-,-,-,-,-,-,-,-,-,-,-,-,-,-,-,-,-,-,-,-,-,-,-,-,-,-,-,-,-,-,-,-,-,-,-,-,-,hombres,privada,presencial
                Total,1227.0,1390.0,1345.0,1325.0,1351.0,1420.0,1632.0,617.0,675.0,637.0,630.0,676.0,657.0,757.0,170.0,172.0,167.0,188.0,162.0,183.0,234.0,4.0,4.0,4.0,14.0,15.0,5.0,8.0,427.0,511.0,504.0,466.0,470.0,531.0,612.0,9.0,28.0,33.0,27.0,28.0,44.0,21.0,hombres,privada,presencial
                Espa񡻱132.0,1211.0,1164.0,1138.0,1138.0,1229.0,1401.0,598.0,604.0,601.0,566.0,604.0,594.0,673.0,165.0,168.0,159.0,180.0,153.0,164.0,212.0,4.0,3.0,4.0,10.0,11.0,4.0,8.0,357.0,408.0,368.0,355.0,342.0,423.0,487.0,8.0,28.0,32.0,27.0,28.0,44.0,21.0,-,hombres,privada,presencial
                Uni󮠅uropea,77.0,145.0,130.0,126.0,135.0,93.0,119.0,9.0,51.0,5.0,24.0,23.0,9.0,27.0,1.0,0.0,1.0,2.0,1.0,2.0,1.0,0.0,0.0,0.0,1.0,1.0,0.0,0.0,67.0,94.0,124.0,99.0,110.0,82.0,91.0,0.0,0.0,0.0,0.0,0.0,0.0,0.0,hombres,privada,presencial
                Resto de Europa,4.0,7.0,7.0,8.0,7.0,8.0,11.0,1.0,4.0,4.0,8.0,6.0,5.0,8.0,2.0,0.0,1.0,0.0,1.0,1.0,1.0,0.0,1.0,0.0,0.0,0.0,0.0,0.0,1.0,2.0,2.0,0.0,0.0,2.0,2.0,0.0,0.0,0.0,0.0,0.0,0.0,0.0,hombres,privada,presencial
                EEUU y CanadỰ.0,0.0,1.0,2.0,2.0,6.0,8.0,0.0,0.0,0.0,0.0,2.0,2.0,3.0,0.0,0.0,0.0,0.0,0.0,0.0,0.0,0.0,0.0,0.0,2.0,0.0,0.0,0.0,0.0,0.0,1.0,0.0,0.0,4.0,5.0,0.0,0.0,0.0,0.0,0.0,0.0,0.0,-,hombres,privada,presencial
                Am鲩ca Latina y Caribe,9.0,13.0,21.0,19.0,23.0,27.0,43.0,4.0,6.0,7.0,12.0,14.0,11.0,21.0,2.0,2.0,5.0,4.0,5.0,12.0,16.0,0.0,0.0,0.0,1.0,0.0,1.0,0.0,2.0,5.0,8.0,2.0,4.0,3.0,6.0,1.0,0.0,1.0,0.0,0.0,0.0,0.0,hombres,privada,presencial
                Norte de frica,1.0,2.0,5.0,5.0,9.0,18.0,12.0,1.0,2.0,4.0,2.0,6.0,10.0,3.0,0.0,0.0,0.0,0.0,2.0,1.0,1.0,0.0,0.0,0.0,0.0,0.0,0.0,0.0,0.0,0.0,1.0,3.0,1.0,7.0,8.0,0.0,0.0,0.0,0.0,0.0,0.0,0.0,mujeres,privada,presencial
                Resto de frica,1.0,3.0,1.0,5.0,5.0,5.0,8.0,1.0,1.0,0.0,4.0,4.0,2.0,6.0,0.0,1.0,1.0,1.0,0.0,2.0,2.0,0.0,0.0,0.0,0.0,0.0,0.0,0.0,0.0,1.0,0.0,0.0,1.0,1.0,0.0,0.0,0.0,0.0,0.0,0.0,0.0,0.0,mujeres,privada,presencial
                Asia y Ocean_3.0,9.0,16.0,22.0,32.0,34.0,30.0,3.0,7.0,16.0,14.0,17.0,24.0,16.0,0.0,1.0,0.0,1.0,0.0,1.0,1.0,0.0,0.0,0.0,0.0,3.0,0.0,0.0,0.0,1.0,0.0,7.0,12.0,9.0,13.0,0.0,0.0,0.0,0.0,0.0,0.0,0.0,-,mujeres,privada,presencial
            Mujeres,-,-,-,-,-,-,-,-,-,-,-,-,-,-,-,-,-,-,-,-,-,-,-,-,-,-,-,-,-,-,-,-,-,-,-,-,-,-,-,-,-,-,mujeres,privada,presencial
                Total,1498.0,1660.0,1816.0,1641.0,1887.0,1928.0,2116.0,760.0,758.0,951.0,671.0,957.0,858.0,883.0,33.0,36.0,36.0,45.0,31.0,38.0,55.0,15.0,17.0,7.0,32.0,33.0,26.0,13.0,673.0,813.0,767.0,847.0,823.0,945.0,1127.0,17.0,36.0,55.0,46.0,43.0,61.0,38.0,mujeres,privada,presencial
                Espa񡻱415.0,1500.0,1664.0,1465.0,1743.0,1784.0,1898.0,732.0,702.0,902.0,627.0,913.0,835.0,820.0,32.0,34.0,31.0,40.0,28.0,31.0,50.0,11.0,13.0,6.0,29.0,26.0,18.0,10.0,623.0,718.0,672.0,723.0,736.0,843.0,983.0,17.0,33.0,53.0,46.0,40.0,57.0,35.0,-,mujeres,privada,presencial
                Uni󮠅uropea,55.0,114.0,91.0,118.0,83.0,86.0,128.0,13.0,31.0,18.0,23.0,16.0,7.0,26.0,0.0,0.0,2.0,1.0,0.0,2.0,0.0,2.0,1.0,0.0,0.0,5.0,4.0,2.0,40.0,81.0,71.0,94.0,62.0,71.0,97.0,0.0,1.0,0.0,0.0,0.0,2.0,3.0,mujeres,privada,presencial
                Resto de Europa,10.0,18.0,6.0,12.0,6.0,6.0,19.0,6.0,9.0,5.0,6.0,3.0,1.0,6.0,0.0,0.0,0.0,1.0,0.0,0.0,0.0,1.0,2.0,1.0,1.0,1.0,0.0,1.0,3.0,6.0,0.0,4.0,1.0,5.0,12.0,0.0,1.0,0.0,0.0,1.0,0.0,0.0,mujeres,privada,presencial
                EEUU y CanadỰ.0,0.0,1.0,2.0,1.0,2.0,2.0,0.0,0.0,1.0,0.0,0.0,0.0,0.0,0.0,0.0,0.0,0.0,0.0,0.0,0.0,0.0,0.0,0.0,0.0,0.0,0.0,0.0,0.0,0.0,0.0,2.0,1.0,2.0,2.0,0.0,0.0,0.0,0.0,0.0,0.0,0.0,-,mujeres,privada,presencial
                Am鲩ca Latina y Caribe,13.0,24.0,39.0,23.0,33.0,30.0,50.0,6.0,14.0,19.0,7.0,15.0,9.0,27.0,1.0,1.0,2.0,3.0,3.0,5.0,5.0,0.0,1.0,0.0,2.0,1.0,4.0,0.0,6.0,8.0,17.0,11.0,13.0,11.0,18.0,0.0,0.0,1.0,0.0,1.0,1.0,0.0,mujeres,privada,presencial
                Norte de frica,0.0,1.0,6.0,4.0,11.0,7.0,5.0,0.0,0.0,2.0,1.0,5.0,1.0,1.0,0.0,1.0,1.0,0.0,0.0,0.0,0.0,0.0,0.0,0.0,0.0,0.0,0.0,0.0,0.0,0.0,2.0,3.0,6.0,5.0,4.0,0.0,0.0,1.0,0.0,0.0,1.0,0.0,ambos_sexos,privada,presencial
                Resto de frica,1.0,0.0,3.0,2.0,0.0,2.0,3.0,0.0,0.0,0.0,1.0,0.0,1.0,1.0,0.0,0.0,0.0,0.0,0.0,0.0,0.0,0.0,0.0,0.0,0.0,0.0,0.0,0.0,1.0,0.0,3.0,1.0,0.0,1.0,2.0,0.0,0.0,0.0,0.0,0.0,0.0,0.0,ambos_sexos,privada,presencial
                Asia y Ocean_4.0,3.0,6.0,15.0,10.0,11.0,11.0,3.0,2.0,4.0,6.0,5.0,4.0,2.0,0.0,0.0,0.0,0.0,0.0,0.0,0.0,1.0,0.0,0.0,0.0,0.0,0.0,0.0,0.0,0.0,2.0,9.0,4.0,7.0,9.0,0.0,1.0,0.0,0.0,1.0,0.0,0.0,-,ambos_sexos,privada,presencial
        No Presencial,-,-,-,-,-,-,-,-,-,-,-,-,-,-,-,-,-,-,-,-,-,-,-,-,-,-,-,-,-,-,-,-,-,-,-,-,-,-,-,-,-,-,ambos_sexos,privada,online
            Ambos sexos,-,-,-,-,-,-,-,-,-,-,-,-,-,-,-,-,-,-,-,-,-,-,-,-,-,-,-,-,-,-,-,-,-,-,-,-,-,-,-,-,-,-,ambos_sexos,privada,online
                Total,0.0,0.0,0.0,0.0,0.0,0.0,0.0,0.0,0.0,0.0,0.0,0.0,0.0,0.0,0.0,0.0,0.0,0.0,0.0,0.0,0.0,0.0,0.0,0.0,0.0,0.0,0.0,0.0,0.0,0.0,0.0,0.0,0.0,0.0,0.0,0.0,0.0,0.0,0.0,0.0,0.0,0.0,ambos_sexos,privada,online
                Espa񡻰.0,0.0,0.0,0.0,0.0,0.0,0.0,0.0,0.0,0.0,0.0,0.0,0.0,0.0,0.0,0.0,0.0,0.0,0.0,0.0,0.0,0.0,0.0,0.0,0.0,0.0,0.0,0.0,0.0,0.0,0.0,0.0,0.0,0.0,0.0,0.0,0.0,0.0,0.0,0.0,0.0,0.0,-,ambos_sexos,privada,online
                Uni󮠅uropea,0.0,0.0,0.0,0.0,0.0,0.0,0.0,0.0,0.0,0.0,0.0,0.0,0.0,0.0,0.0,0.0,0.0,0.0,0.0,0.0,0.0,0.0,0.0,0.0,0.0,0.0,0.0,0.0,0.0,0.0,0.0,0.0,0.0,0.0,0.0,0.0,0.0,0.0,0.0,0.0,0.0,0.0,ambos_sexos,privada,online
                Resto de Europa,0.0,0.0,0.0,0.0,0.0,0.0,0.0,0.0,0.0,0.0,0.0,0.0,0.0,0.0,0.0,0.0,0.0,0.0,0.0,0.0,0.0,0.0,0.0,0.0,0.0,0.0,0.0,0.0,0.0,0.0,0.0,0.0,0.0,0.0,0.0,0.0,0.0,0.0,0.0,0.0,0.0,0.0,ambos_sexos,privada,online
                EEUU y CanadỰ.0,0.0,0.0,0.0,0.0,0.0,0.0,0.0,0.0,0.0,0.0,0.0,0.0,0.0,0.0,0.0,0.0,0.0,0.0,0.0,0.0,0.0,0.0,0.0,0.0,0.0,0.0,0.0,0.0,0.0,0.0,0.0,0.0,0.0,0.0,0.0,0.0,0.0,0.0,0.0,0.0,0.0,-,ambos_sexos,privada,online
                Am鲩ca Latina y Caribe,0.0,0.0,0.0,0.0,0.0,0.0,0.0,0.0,0.0,0.0,0.0,0.0,0.0,0.0,0.0,0.0,0.0,0.0,0.0,0.0,0.0,0.0,0.0,0.0,0.0,0.0,0.0,0.0,0.0,0.0,0.0,0.0,0.0,0.0,0.0,0.0,0.0,0.0,0.0,0.0,0.0,0.0,ambos_sexos,privada,online
                Norte de frica,0.0,0.0,0.0,0.0,0.0,0.0,0.0,0.0,0.0,0.0,0.0,0.0,0.0,0.0,0.0,0.0,0.0,0.0,0.0,0.0,0.0,0.0,0.0,0.0,0.0,0.0,0.0,0.0,0.0,0.0,0.0,0.0,0.0,0.0,0.0,0.0,0.0,0.0,0.0,0.0,0.0,0.0,hombres,privada,online
                Resto de frica,0.0,0.0,0.0,0.0,0.0,0.0,0.0,0.0,0.0,0.0,0.0,0.0,0.0,0.0,0.0,0.0,0.0,0.0,0.0,0.0,0.0,0.0,0.0,0.0,0.0,0.0,0.0,0.0,0.0,0.0,0.0,0.0,0.0,0.0,0.0,0.0,0.0,0.0,0.0,0.0,0.0,0.0,hombres,privada,online
                Asia y Ocean_0.0,0.0,0.0,0.0,0.0,0.0,0.0,0.0,0.0,0.0,0.0,0.0,0.0,0.0,0.0,0.0,0.0,0.0,0.0,0.0,0.0,0.0,0.0,0.0,0.0,0.0,0.0,0.0,0.0,0.0,0.0,0.0,0.0,0.0,0.0,0.0,0.0,0.0,0.0,0.0,0.0,0.0,-,hombres,privada,online
            Hombres,-,-,-,-,-,-,-,-,-,-,-,-,-,-,-,-,-,-,-,-,-,-,-,-,-,-,-,-,-,-,-,-,-,-,-,-,-,-,-,-,-,-,hombres,privada,online
                Total,0.0,0.0,0.0,0.0,0.0,0.0,0.0,0.0,0.0,0.0,0.0,0.0,0.0,0.0,0.0,0.0,0.0,0.0,0.0,0.0,0.0,0.0,0.0,0.0,0.0,0.0,0.0,0.0,0.0,0.0,0.0,0.0,0.0,0.0,0.0,0.0,0.0,0.0,0.0,0.0,0.0,0.0,hombres,privada,online
                Espa񡻰.0,0.0,0.0,0.0,0.0,0.0,0.0,0.0,0.0,0.0,0.0,0.0,0.0,0.0,0.0,0.0,0.0,0.0,0.0,0.0,0.0,0.0,0.0,0.0,0.0,0.0,0.0,0.0,0.0,0.0,0.0,0.0,0.0,0.0,0.0,0.0,0.0,0.0,0.0,0.0,0.0,0.0,-,hombres,privada,online
                Uni󮠅uropea,0.0,0.0,0.0,0.0,0.0,0.0,0.0,0.0,0.0,0.0,0.0,0.0,0.0,0.0,0.0,0.0,0.0,0.0,0.0,0.0,0.0,0.0,0.0,0.0,0.0,0.0,0.0,0.0,0.0,0.0,0.0,0.0,0.0,0.0,0.0,0.0,0.0,0.0,0.0,0.0,0.0,0.0,hombres,privada,online
                Resto de Europa,0.0,0.0,0.0,0.0,0.0,0.0,0.0,0.0,0.0,0.0,0.0,0.0,0.0,0.0,0.0,0.0,0.0,0.0,0.0,0.0,0.0,0.0,0.0,0.0,0.0,0.0,0.0,0.0,0.0,0.0,0.0,0.0,0.0,0.0,0.0,0.0,0.0,0.0,0.0,0.0,0.0,0.0,hombres,privada,online
                EEUU y CanadỰ.0,0.0,0.0,0.0,0.0,0.0,0.0,0.0,0.0,0.0,0.0,0.0,0.0,0.0,0.0,0.0,0.0,0.0,0.0,0.0,0.0,0.0,0.0,0.0,0.0,0.0,0.0,0.0,0.0,0.0,0.0,0.0,0.0,0.0,0.0,0.0,0.0,0.0,0.0,0.0,0.0,0.0,-,hombres,privada,online
                Am鲩ca Latina y Caribe,0.0,0.0,0.0,0.0,0.0,0.0,0.0,0.0,0.0,0.0,0.0,0.0,0.0,0.0,0.0,0.0,0.0,0.0,0.0,0.0,0.0,0.0,0.0,0.0,0.0,0.0,0.0,0.0,0.0,0.0,0.0,0.0,0.0,0.0,0.0,0.0,0.0,0.0,0.0,0.0,0.0,0.0,hombres,privada,online
                Norte de frica,0.0,0.0,0.0,0.0,0.0,0.0,0.0,0.0,0.0,0.0,0.0,0.0,0.0,0.0,0.0,0.0,0.0,0.0,0.0,0.0,0.0,0.0,0.0,0.0,0.0,0.0,0.0,0.0,0.0,0.0,0.0,0.0,0.0,0.0,0.0,0.0,0.0,0.0,0.0,0.0,0.0,0.0,mujeres,privada,online
                Resto de frica,0.0,0.0,0.0,0.0,0.0,0.0,0.0,0.0,0.0,0.0,0.0,0.0,0.0,0.0,0.0,0.0,0.0,0.0,0.0,0.0,0.0,0.0,0.0,0.0,0.0,0.0,0.0,0.0,0.0,0.0,0.0,0.0,0.0,0.0,0.0,0.0,0.0,0.0,0.0,0.0,0.0,0.0,mujeres,privada,online
                Asia y Ocean_0.0,0.0,0.0,0.0,0.0,0.0,0.0,0.0,0.0,0.0,0.0,0.0,0.0,0.0,0.0,0.0,0.0,0.0,0.0,0.0,0.0,0.0,0.0,0.0,0.0,0.0,0.0,0.0,0.0,0.0,0.0,0.0,0.0,0.0,0.0,0.0,0.0,0.0,0.0,0.0,0.0,0.0,-,mujeres,privada,online
            Mujeres,-,-,-,-,-,-,-,-,-,-,-,-,-,-,-,-,-,-,-,-,-,-,-,-,-,-,-,-,-,-,-,-,-,-,-,-,-,-,-,-,-,-,mujeres,privada,online
                Total,0.0,0.0,0.0,0.0,0.0,0.0,0.0,0.0,0.0,0.0,0.0,0.0,0.0,0.0,0.0,0.0,0.0,0.0,0.0,0.0,0.0,0.0,0.0,0.0,0.0,0.0,0.0,0.0,0.0,0.0,0.0,0.0,0.0,0.0,0.0,0.0,0.0,0.0,0.0,0.0,0.0,0.0,mujeres,privada,online
                Espa񡻰.0,0.0,0.0,0.0,0.0,0.0,0.0,0.0,0.0,0.0,0.0,0.0,0.0,0.0,0.0,0.0,0.0,0.0,0.0,0.0,0.0,0.0,0.0,0.0,0.0,0.0,0.0,0.0,0.0,0.0,0.0,0.0,0.0,0.0,0.0,0.0,0.0,0.0,0.0,0.0,0.0,0.0,-,mujeres,privada,online
                Uni󮠅uropea,0.0,0.0,0.0,0.0,0.0,0.0,0.0,0.0,0.0,0.0,0.0,0.0,0.0,0.0,0.0,0.0,0.0,0.0,0.0,0.0,0.0,0.0,0.0,0.0,0.0,0.0,0.0,0.0,0.0,0.0,0.0,0.0,0.0,0.0,0.0,0.0,0.0,0.0,0.0,0.0,0.0,0.0,mujeres,privada,online
                Resto de Europa,0.0,0.0,0.0,0.0,0.0,0.0,0.0,0.0,0.0,0.0,0.0,0.0,0.0,0.0,0.0,0.0,0.0,0.0,0.0,0.0,0.0,0.0,0.0,0.0,0.0,0.0,0.0,0.0,0.0,0.0,0.0,0.0,0.0,0.0,0.0,0.0,0.0,0.0,0.0,0.0,0.0,0.0,mujeres,privada,online
                EEUU y CanadỰ.0,0.0,0.0,0.0,0.0,0.0,0.0,0.0,0.0,0.0,0.0,0.0,0.0,0.0,0.0,0.0,0.0,0.0,0.0,0.0,0.0,0.0,0.0,0.0,0.0,0.0,0.0,0.0,0.0,0.0,0.0,0.0,0.0,0.0,0.0,0.0,0.0,0.0,0.0,0.0,0.0,0.0,-,mujeres,privada,online
                Am鲩ca Latina y Caribe,0.0,0.0,0.0,0.0,0.0,0.0,0.0,0.0,0.0,0.0,0.0,0.0,0.0,0.0,0.0,0.0,0.0,0.0,0.0,0.0,0.0,0.0,0.0,0.0,0.0,0.0,0.0,0.0,0.0,0.0,0.0,0.0,0.0,0.0,0.0,0.0,0.0,0.0,0.0,0.0,0.0,0.0,mujeres,privada,online
                Norte de frica,0.0,0.0,0.0,0.0,0.0,0.0,0.0,0.0,0.0,0.0,0.0,0.0,0.0,0.0,0.0,0.0,0.0,0.0,0.0,0.0,0.0,0.0,0.0,0.0,0.0,0.0,0.0,0.0,0.0,0.0,0.0,0.0,0.0,0.0,0.0,0.0,0.0,0.0,0.0,0.0,0.0,0.0,mujeres,privada,online
                Resto de frica,0.0,0.0,0.0,0.0,0.0,0.0,0.0,0.0,0.0,0.0,0.0,0.0,0.0,0.0,0.0,0.0,0.0,0.0,0.0,0.0,0.0,0.0,0.0,0.0,0.0,0.0,0.0,0.0,0.0,0.0,0.0,0.0,0.0,0.0,0.0,0.0,0.0,0.0,0.0,0.0,0.0,0.0,mujeres,privada,online
                Asia y Ocean_0.0,0.0,0.0,0.0,0.0,0.0,0.0,0.0,0.0,0.0,0.0,0.0,0.0,0.0,0.0,0.0,0.0,0.0,0.0,0.0,0.0,0.0,0.0,0.0,0.0,0.0,0.0,0.0,0.0,0.0,0.0,0.0,0.0,0.0,0.0,0.0,0.0,0.0,0.0,0.0,0.0,0.0,-,mujeres,privada,online
Navarra (Comunidad Foral de),-,-,-,-,-,-,-,-,-,-,-,-,-,-,-,-,-,-,-,-,-,-,-,-,-,-,-,-,-,-,-,-,-,-,-,-,-,-,-,-,-,-,mujeres,privada,online
