facultad,grado,valor selectividad,año
Artes y Humanidades,Bellas Artes,8.994 ,2011-2012
Artes y Humanidades,Bellas Artes,5.43 ,2012-2013
Artes y Humanidades,Bellas Artes,6.904 ,2013-2014
Artes y Humanidades,Bellas Artes,5.929 ,2014-2015
Artes y Humanidades,Bellas Artes,6.434 ,2015-2016
Artes y Humanidades,Bellas Artes,5.461 ,2016-2017
Artes y Humanidades,Bellas Artes,5.15 ,2017-2018
Artes y Humanidades,Bellas Artes,6.2 ,2018-2019
Artes y Humanidades,Bellas Artes,5.05 ,2019-2020
Artes y Humanidades,Bellas Artes,6.4 ,2020-2021
Artes y Humanidades,Bellas Artes,6.3 ,2021-2022
Artes y Humanidades,Bellas Artes,7.4 ,2022-2023
Artes y Humanidades,Ciencia y  Tecnología  Geográfica,nan,2011-2012
Artes y Humanidades,Ciencia y  Tecnología  Geográfica,nan,2012-2013
Artes y Humanidades,Ciencia y  Tecnología  Geográfica,nan,2013-2014
Artes y Humanidades,Ciencia y  Tecnología  Geográfica,nan,2014-2015
Artes y Humanidades,Ciencia y  Tecnología  Geográfica,nan,2015-2016
Artes y Humanidades,Ciencia y  Tecnología  Geográfica,nan,2016-2017
Artes y Humanidades,Ciencia y  Tecnología  Geográfica,nan,2017-2018
Artes y Humanidades,Ciencia y  Tecnología  Geográfica,nan,2018-2019
Artes y Humanidades,Ciencia y  Tecnología  Geográfica,nan,2019-2020
Artes y Humanidades,Ciencia y  Tecnología  Geográfica,5.696 ,2020-2021
Artes y Humanidades,Ciencia y  Tecnología  Geográfica,5.561 ,2021-2022
Artes y Humanidades,Ciencia y  Tecnología  Geográfica,5.324 ,2022-2023
Artes y Humanidades,Estudios  Franceses,7.250 ,2011-2012
Artes y Humanidades,Estudios  Franceses,8.137 ,2012-2013
Artes y Humanidades,Estudios  Franceses,5.020 ,2013-2014
Artes y Humanidades,Estudios  Franceses,5.426 ,2014-2015
Artes y Humanidades,Estudios  Franceses,5.422 ,2015-2016
Artes y Humanidades,Estudios  Franceses,5.52 ,2016-2017
Artes y Humanidades,Estudios  Franceses,5.65 ,2017-2018
Artes y Humanidades,Estudios  Franceses,6.477 ,2018-2019
Artes y Humanidades,Estudios  Franceses,6.007 ,2019-2020
Artes y Humanidades,Estudios  Franceses,5.778 ,2020-2021
Artes y Humanidades,Estudios  Franceses,5.442 ,2021-2022
Artes y Humanidades,Estudios  Franceses,6.514 ,2022-2023
Artes y Humanidades,Estudios  Ingleses,6.759 ,2011-2012
Artes y Humanidades,Estudios  Ingleses,7.439 ,2012-2013
Artes y Humanidades,Estudios  Ingleses,7.862 ,2013-2014
Artes y Humanidades,Estudios  Ingleses,7.296 ,2014-2015
Artes y Humanidades,Estudios  Ingleses,7.279 ,2015-2016
Artes y Humanidades,Estudios  Ingleses,7.977 ,2016-2017
Artes y Humanidades,Estudios  Ingleses,8.221 ,2017-2018
Artes y Humanidades,Estudios  Ingleses,6.289 ,2018-2019
Artes y Humanidades,Estudios  Ingleses,6.868 ,2019-2020
Artes y Humanidades,Estudios  Ingleses,6.457 ,2020-2021
Artes y Humanidades,Estudios  Ingleses,6.891 ,2021-2022
Artes y Humanidades,Estudios  Ingleses,6.93 ,2022-2023
Artes y Humanidades,Filología  Clásica,6.590 ,2011-2012
Artes y Humanidades,Filología  Clásica,6.191 ,2012-2013
Artes y Humanidades,Filología  Clásica,6.530 ,2013-2014
Artes y Humanidades,Filología  Clásica,5.262 ,2014-2015
Artes y Humanidades,Filología  Clásica,5.356 ,2015-2016
Artes y Humanidades,Filología  Clásica,5.43 ,2016-2017
Artes y Humanidades,Filología  Clásica,5.83 ,2017-2018
Artes y Humanidades,Filología  Clásica,7.763 ,2018-2019
Artes y Humanidades,Filología  Clásica,9.366 ,2019-2020
Artes y Humanidades,Filología  Clásica,7.918 ,2020-2021
Artes y Humanidades,Filología  Clásica,5.814 ,2021-2022
Artes y Humanidades,Filología  Clásica,7.756 ,2022-2023
Artes y Humanidades,Filosofía,5.005 ,2011-2012
Artes y Humanidades,Filosofía,5 ,2012-2013
Artes y Humanidades,Filosofía,5.154 ,2013-2014
Artes y Humanidades,Filosofía,5.064 ,2014-2015
Artes y Humanidades,Filosofía,5.42 ,2015-2016
Artes y Humanidades,Filosofía,5.13 ,2016-2017
Artes y Humanidades,Filosofía,5.35 ,2017-2018
Artes y Humanidades,Filosofía,5.068 ,2018-2019
Artes y Humanidades,Filosofía,6.386 ,2019-2020
Artes y Humanidades,Filosofía,7.533 ,2020-2021
Artes y Humanidades,Filosofía,6.785 ,2021-2022
Artes y Humanidades,Filosofía,8.195 ,2022-2023
Artes y Humanidades,Geografía y  Ordenación del  Territorio,6.421 ,2011-2012
Artes y Humanidades,Geografía y  Ordenación del  Territorio,5.337 ,2012-2013
Artes y Humanidades,Geografía y  Ordenación del  Territorio,5.067 ,2013-2014
Artes y Humanidades,Geografía y  Ordenación del  Territorio,5.357 ,2014-2015
Artes y Humanidades,Geografía y  Ordenación del  Territorio,5.035 ,2015-2016
Artes y Humanidades,Geografía y  Ordenación del  Territorio,5.218 ,2016-2017
Artes y Humanidades,Geografía y  Ordenación del  Territorio,5.412 ,2017-2018
Artes y Humanidades,Geografía y  Ordenación del  Territorio,5.62 ,2018-2019
Artes y Humanidades,Geografía y  Ordenación del  Territorio,5.397 ,2019-2020
Artes y Humanidades,Geografía y  Ordenación del  Territorio,5.14 ,2020-2021
Artes y Humanidades,Geografía y  Ordenación del  Territorio,nan,2021-2022
Artes y Humanidades,Geografía y  Ordenación del  Territorio,nan,2022-2023
Artes y Humanidades,Historia,8.464 ,2011-2012
Artes y Humanidades,Historia,5.891 ,2012-2013
Artes y Humanidades,Historia,5.053 ,2013-2014
Artes y Humanidades,Historia,5.158 ,2014-2015
Artes y Humanidades,Historia,5.255 ,2015-2016
Artes y Humanidades,Historia,5.219 ,2016-2017
Artes y Humanidades,Historia,6.669 ,2017-2018
Artes y Humanidades,Historia,5 ,2018-2019
Artes y Humanidades,Historia,5.5 ,2019-2020
Artes y Humanidades,Historia,5.14 ,2020-2021
Artes y Humanidades,Historia,5.516 ,2021-2022
Artes y Humanidades,Historia,7.657 ,2022-2023
Artes y Humanidades,Historia  del Arte,7.103 ,2011-2012
Artes y Humanidades,Historia  del Arte,5 ,2012-2013
Artes y Humanidades,Historia  del Arte,5.067 ,2013-2014
Artes y Humanidades,Historia  del Arte,5.251 ,2014-2015
Artes y Humanidades,Historia  del Arte,5.044 ,2015-2016
Artes y Humanidades,Historia  del Arte,5.023 ,2016-2017
Artes y Humanidades,Historia  del Arte,5.288 ,2017-2018
Artes y Humanidades,Historia  del Arte,5.479 ,2018-2019
Artes y Humanidades,Historia  del Arte,5.121 ,2019-2020
Artes y Humanidades,Historia  del Arte,7.173 ,2020-2021
Artes y Humanidades,Historia  del Arte,5.051 ,2021-2022
Artes y Humanidades,Historia  del Arte,5.1 ,2022-2023
Artes y Humanidades,Lengua y  Literatura  Española,7.913 ,2011-2012
Artes y Humanidades,Lengua y  Literatura  Española,8.293 ,2012-2013
Artes y Humanidades,Lengua y  Literatura  Española,5.070 ,2013-2014
Artes y Humanidades,Lengua y  Literatura  Española,6.974 ,2014-2015
Artes y Humanidades,Lengua y  Literatura  Española,5.496 ,2015-2016
Artes y Humanidades,Lengua y  Literatura  Española,5.143 ,2016-2017
Artes y Humanidades,Lengua y  Literatura  Española,5.956 ,2017-2018
Artes y Humanidades,Lengua y  Literatura  Española,5.296 ,2018-2019
Artes y Humanidades,Lengua y  Literatura  Española,5.44 ,2019-2020
Artes y Humanidades,Lengua y  Literatura  Española,6.18 ,2020-2021
Artes y Humanidades,Lengua y  Literatura  Española,7.195 ,2021-2022
Artes y Humanidades,Lengua y  Literatura  Española,8.44 ,2022-2023
Artes y Humanidades,Traducción e  Interpretación (F),6.310 ,2011-2012
Artes y Humanidades,Traducción e  Interpretación (F),9.571 ,2012-2013
Artes y Humanidades,Traducción e  Interpretación (F),9.830 ,2013-2014
Artes y Humanidades,Traducción e  Interpretación (F),6.841 ,2014-2015
Artes y Humanidades,Traducción e  Interpretación (F),7.89 ,2015-2016
Artes y Humanidades,Traducción e  Interpretación (F),7901,2016-2017
Artes y Humanidades,Traducción e  Interpretación (F),11.03 ,2017-2018
Artes y Humanidades,Traducción e  Interpretación (F),7.319 ,2018-2019
Artes y Humanidades,Traducción e  Interpretación (F),9.78 ,2019-2020
Artes y Humanidades,Traducción e  Interpretación (F),10.496 ,2020-2021
Artes y Humanidades,Traducción e  Interpretación (F),7.175 ,2021-2022
Artes y Humanidades,Traducción e  Interpretación (F),7.25 ,2022-2023
Artes y Humanidades,Traducción e  Interpretación (I),6.310 ,2011-2012
Artes y Humanidades,Traducción e  Interpretación (I),11.431 ,2012-2013
Artes y Humanidades,Traducción e  Interpretación (I),11.830 ,2013-2014
Artes y Humanidades,Traducción e  Interpretación (I),10.806 ,2014-2015
Artes y Humanidades,Traducción e  Interpretación (I),11.399 ,2015-2016
Artes y Humanidades,Traducción e  Interpretación (I),11.699 ,2016-2017
Artes y Humanidades,Traducción e  Interpretación (I),11.953 ,2017-2018
Artes y Humanidades,Traducción e  Interpretación (I),11.028 ,2018-2019
Artes y Humanidades,Traducción e  Interpretación (I),11.216 ,2019-2020
Artes y Humanidades,Traducción e  Interpretación (I),11.925 ,2020-2021
Artes y Humanidades,Traducción e  Interpretación (I),11.986 ,2021-2022
Artes y Humanidades,Traducción e  Interpretación (I),11.81 ,2022-2023
Ingeniería y Arquitectura,Ciencia e Ingeniería de Datos,nan,2011-2012
Ingeniería y Arquitectura,Ciencia e Ingeniería de Datos,nan,2012-2013
Ingeniería y Arquitectura,Ciencia e Ingeniería de Datos,nan,2013-2014
Ingeniería y Arquitectura,Ciencia e Ingeniería de Datos,nan,2014-2015
Ingeniería y Arquitectura,Ciencia e Ingeniería de Datos,nan,2015-2016
Ingeniería y Arquitectura,Ciencia e Ingeniería de Datos,nan,2016-2017
Ingeniería y Arquitectura,Ciencia e Ingeniería de Datos,nan,2017-2018
Ingeniería y Arquitectura,Ciencia e Ingeniería de Datos,nan,2018-2019
Ingeniería y Arquitectura,Ciencia e Ingeniería de Datos,nan,2019-2020
Ingeniería y Arquitectura,Ciencia e Ingeniería de Datos,nan,2020-2021
Ingeniería y Arquitectura,Ciencia e Ingeniería de Datos,nan,2021-2022
Ingeniería y Arquitectura,Ciencia e Ingeniería de Datos,11.622 ,2022-2023
Ingeniería y Arquitectura,Ingeniería Informática,5.242 ,2011-2012
Ingeniería y Arquitectura,Ingeniería Informática,5.295 ,2012-2013
Ingeniería y Arquitectura,Ingeniería Informática,5.260 ,2013-2014
Ingeniería y Arquitectura,Ingeniería Informática,8.670 ,2014-2015
Ingeniería y Arquitectura,Ingeniería Informática,11.353 ,2015-2016
Ingeniería y Arquitectura,Ingeniería Informática,5.640 ,2016-2017
Ingeniería y Arquitectura,Ingeniería Informática,7.706 ,2017-2018
Ingeniería y Arquitectura,Ingeniería Informática,8.799 ,2018-2019
Ingeniería y Arquitectura,Ingeniería Informática,8.166 ,2019-2020
Ingeniería y Arquitectura,Ingeniería Informática,8.213 ,2020-2021
Ingeniería y Arquitectura,Ingeniería Informática,9.788 ,2021-2022
Ingeniería y Arquitectura,Ingeniería Informática,9.674 ,2022-2023
Ingeniería y Arquitectura,Ingeniería química,5.437 ,2011-2012
Ingeniería y Arquitectura,Ingeniería química,6.128 ,2012-2013
Ingeniería y Arquitectura,Ingeniería química,5.900 ,2013-2014
Ingeniería y Arquitectura,Ingeniería química,5.474 ,2014-2015
Ingeniería y Arquitectura,Ingeniería química,8.421 ,2015-2016
Ingeniería y Arquitectura,Ingeniería química,5.447 ,2016-2017
Ingeniería y Arquitectura,Ingeniería química,5.564 ,2017-2018
Ingeniería y Arquitectura,Ingeniería química,6.507 ,2018-2019
Ingeniería y Arquitectura,Ingeniería química,8.113 ,2019-2020
Ingeniería y Arquitectura,Ingeniería química,8.86 ,2020-2021
Ingeniería y Arquitectura,Ingeniería química,8.814 ,2021-2022
Ingeniería y Arquitectura,Ingeniería química,9.114 ,2022-2023
Ingeniería y Arquitectura,PCEO Matemáticas e Ingeniería Informática,5.904 ,2011-2012
Ingeniería y Arquitectura,PCEO Matemáticas e Ingeniería Informática,7.095 ,2012-2013
Ingeniería y Arquitectura,PCEO Matemáticas e Ingeniería Informática,6.086 ,2013-2014
Ingeniería y Arquitectura,PCEO Matemáticas e Ingeniería Informática,8 ,2014-2015
Ingeniería y Arquitectura,PCEO Matemáticas e Ingeniería Informática,6.164 ,2015-2016
Ingeniería y Arquitectura,PCEO Matemáticas e Ingeniería Informática,8.181 ,2016-2017
Ingeniería y Arquitectura,PCEO Matemáticas e Ingeniería Informática,10.706 ,2017-2018
Ingeniería y Arquitectura,PCEO Matemáticas e Ingeniería Informática,12.306 ,2018-2019
Ingeniería y Arquitectura,PCEO Matemáticas e Ingeniería Informática,12.513 ,2019-2020
Ingeniería y Arquitectura,PCEO Matemáticas e Ingeniería Informática,12.868 ,2020-2021
Ingeniería y Arquitectura,PCEO Matemáticas e Ingeniería Informática,13.46 ,2021-2022
Ingeniería y Arquitectura,PCEO Matemáticas e Ingeniería Informática,13.104 ,2022-2023
Ciencias Sociales y Jurídicas,A.D.E.,5.460 ,2011-2012
Ciencias Sociales y Jurídicas,A.D.E.,5.173 ,2012-2013
Ciencias Sociales y Jurídicas,A.D.E.,5 ,2013-2014
Ciencias Sociales y Jurídicas,A.D.E.,5.024 ,2014-2015
Ciencias Sociales y Jurídicas,A.D.E.,5.046 ,2015-2016
Ciencias Sociales y Jurídicas,A.D.E.,5.076 ,2016-2017
Ciencias Sociales y Jurídicas,A.D.E.,5.126 ,2017-2018
Ciencias Sociales y Jurídicas,A.D.E.,5.45 ,2018-2019
Ciencias Sociales y Jurídicas,A.D.E.,6.066 ,2019-2020
Ciencias Sociales y Jurídicas,A.D.E.,5.33 ,2020-2021
Ciencias Sociales y Jurídicas,A.D.E.,5.414 ,2021-2022
Ciencias Sociales y Jurídicas,A.D.E.,6.145 ,2022-2023
Ciencias Sociales y Jurídicas,Ciencia Política y Gestión Publica,6.089 ,2011-2012
Ciencias Sociales y Jurídicas,Ciencia Política y Gestión Publica,5.14 ,2012-2013
Ciencias Sociales y Jurídicas,Ciencia Política y Gestión Publica,5.125 ,2013-2014
Ciencias Sociales y Jurídicas,Ciencia Política y Gestión Publica,6.773 ,2014-2015
Ciencias Sociales y Jurídicas,Ciencia Política y Gestión Publica,6.776 ,2015-2016
Ciencias Sociales y Jurídicas,Ciencia Política y Gestión Publica,6.554 ,2016-2017
Ciencias Sociales y Jurídicas,Ciencia Política y Gestión Publica,6.47 ,2017-2018
Ciencias Sociales y Jurídicas,Ciencia Política y Gestión Publica,5 ,2018-2019
Ciencias Sociales y Jurídicas,Ciencia Política y Gestión Publica,6.041 ,2019-2020
Ciencias Sociales y Jurídicas,Ciencia Política y Gestión Publica,nan,2020-2021
Ciencias Sociales y Jurídicas,Ciencia Política y Gestión Publica,nan,2021-2022
Ciencias Sociales y Jurídicas,Ciencia Política y Gestión Publica,nan,2022-2023
Ciencias Sociales y Jurídicas,Ciencias de la Actividad Física y del Deporte,8.811 ,2011-2012
Ciencias Sociales y Jurídicas,Ciencias de la Actividad Física y del Deporte,8.749 ,2012-2013
Ciencias Sociales y Jurídicas,Ciencias de la Actividad Física y del Deporte,9.188 ,2013-2014
Ciencias Sociales y Jurídicas,Ciencias de la Actividad Física y del Deporte,8.910 ,2014-2015
Ciencias Sociales y Jurídicas,Ciencias de la Actividad Física y del Deporte,9.081 ,2015-2016
Ciencias Sociales y Jurídicas,Ciencias de la Actividad Física y del Deporte,8.922 ,2016-2017
Ciencias Sociales y Jurídicas,Ciencias de la Actividad Física y del Deporte,9.387 ,2017-2018
Ciencias Sociales y Jurídicas,Ciencias de la Actividad Física y del Deporte,9.428 ,2018-2019
Ciencias Sociales y Jurídicas,Ciencias de la Actividad Física y del Deporte,7.782 ,2019-2020
Ciencias Sociales y Jurídicas,Ciencias de la Actividad Física y del Deporte,9.371 ,2020-2021
Ciencias Sociales y Jurídicas,Ciencias de la Actividad Física y del Deporte,9.819 ,2021-2022
Ciencias Sociales y Jurídicas,Ciencias de la Actividad Física y del Deporte,12.141 ,2022-2023
Ciencias Sociales y Jurídicas,"Ciencias Políticas, Gobierno y Administración Publica",nan,2011-2012
Ciencias Sociales y Jurídicas,"Ciencias Políticas, Gobierno y Administración Publica",nan,2012-2013
Ciencias Sociales y Jurídicas,"Ciencias Políticas, Gobierno y Administración Publica",nan,2013-2014
Ciencias Sociales y Jurídicas,"Ciencias Políticas, Gobierno y Administración Publica",nan,2014-2015
Ciencias Sociales y Jurídicas,"Ciencias Políticas, Gobierno y Administración Publica",nan,2015-2016
Ciencias Sociales y Jurídicas,"Ciencias Políticas, Gobierno y Administración Publica",nan,2016-2017
Ciencias Sociales y Jurídicas,"Ciencias Políticas, Gobierno y Administración Publica",nan,2017-2018
Ciencias Sociales y Jurídicas,"Ciencias Políticas, Gobierno y Administración Publica",nan,2018-2019
Ciencias Sociales y Jurídicas,"Ciencias Políticas, Gobierno y Administración Publica",nan,2019-2020
Ciencias Sociales y Jurídicas,"Ciencias Políticas, Gobierno y Administración Publica",5.866 ,2020-2021
Ciencias Sociales y Jurídicas,"Ciencias Políticas, Gobierno y Administración Publica",5.651 ,2021-2022
Ciencias Sociales y Jurídicas,"Ciencias Políticas, Gobierno y Administración Publica",6435.866 ,2022-2023
Ciencias Sociales y Jurídicas,Comunicación Audiovisual,6.800 ,2011-2012
Ciencias Sociales y Jurídicas,Comunicación Audiovisual,7.289 ,2012-2013
Ciencias Sociales y Jurídicas,Comunicación Audiovisual,7.816 ,2013-2014
Ciencias Sociales y Jurídicas,Comunicación Audiovisual,8.008 ,2014-2015
Ciencias Sociales y Jurídicas,Comunicación Audiovisual,8.338 ,2015-2016
Ciencias Sociales y Jurídicas,Comunicación Audiovisual,8.618 ,2016-2017
Ciencias Sociales y Jurídicas,Comunicación Audiovisual,8.646 ,2017-2018
Ciencias Sociales y Jurídicas,Comunicación Audiovisual,8.994 ,2018-2019
Ciencias Sociales y Jurídicas,Comunicación Audiovisual,8.839 ,2019-2020
Ciencias Sociales y Jurídicas,Comunicación Audiovisual,9.288 ,2020-2021
Ciencias Sociales y Jurídicas,Comunicación Audiovisual,8.035 ,2021-2022
Ciencias Sociales y Jurídicas,Comunicación Audiovisual,8.479 ,2022-2023
Ciencias Sociales y Jurídicas,Criminología,8.163 ,2011-2012
Ciencias Sociales y Jurídicas,Criminología,8.172 ,2012-2013
Ciencias Sociales y Jurídicas,Criminología,9.349 ,2013-2014
Ciencias Sociales y Jurídicas,Criminología,8.833 ,2014-2015
Ciencias Sociales y Jurídicas,Criminología,8.754 ,2015-2016
Ciencias Sociales y Jurídicas,Criminología,9.380 ,2016-2017
Ciencias Sociales y Jurídicas,Criminología,9.054 ,2017-2018
Ciencias Sociales y Jurídicas,Criminología,9.207 ,2018-2019
Ciencias Sociales y Jurídicas,Criminología,9.819 ,2019-2020
Ciencias Sociales y Jurídicas,Criminología,10.413 ,2020-2021
Ciencias Sociales y Jurídicas,Criminología,10.161 ,2021-2022
Ciencias Sociales y Jurídicas,Criminología,9.913 ,2022-2023
Ciencias Sociales y Jurídicas,Derecho,5.996 ,2011-2012
Ciencias Sociales y Jurídicas,Derecho,6.618 ,2012-2013
Ciencias Sociales y Jurídicas,Derecho,7.830 ,2013-2014
Ciencias Sociales y Jurídicas,Derecho,7.401 ,2014-2015
Ciencias Sociales y Jurídicas,Derecho,7.762 ,2015-2016
Ciencias Sociales y Jurídicas,Derecho,8.300 ,2016-2017
Ciencias Sociales y Jurídicas,Derecho,8.696 ,2017-2018
Ciencias Sociales y Jurídicas,Derecho,7.277 ,2018-2019
Ciencias Sociales y Jurídicas,Derecho,8.274 ,2019-2020
Ciencias Sociales y Jurídicas,Derecho,8.354 ,2020-2021
Ciencias Sociales y Jurídicas,Derecho,8.457 ,2021-2022
Ciencias Sociales y Jurídicas,Derecho,8.083 ,2022-2023
Ciencias Sociales y Jurídicas,Economía,6.247 ,2011-2012
Ciencias Sociales y Jurídicas,Economía,5.136 ,2012-2013
Ciencias Sociales y Jurídicas,Economía,6.000 ,2013-2014
Ciencias Sociales y Jurídicas,Economía,9.054 ,2014-2015
Ciencias Sociales y Jurídicas,Economía,6.171 ,2015-2016
Ciencias Sociales y Jurídicas,Economía,5.867 ,2016-2017
Ciencias Sociales y Jurídicas,Economía,7.385 ,2017-2018
Ciencias Sociales y Jurídicas,Economía,7.671 ,2018-2019
Ciencias Sociales y Jurídicas,Economía,8.757 ,2019-2020
Ciencias Sociales y Jurídicas,Economía,7.618 ,2020-2021
Ciencias Sociales y Jurídicas,Economía,7.193 ,2021-2022
Ciencias Sociales y Jurídicas,Economía,7.845 ,2022-2023
Ciencias Sociales y Jurídicas,Educación Infantil,7.280 ,2011-2012
Ciencias Sociales y Jurídicas,Educación Infantil,7.581 ,2012-2013
Ciencias Sociales y Jurídicas,Educación Infantil,7.473 ,2013-2014
Ciencias Sociales y Jurídicas,Educación Infantil,7.723 ,2014-2015
Ciencias Sociales y Jurídicas,Educación Infantil,8.012 ,2015-2016
Ciencias Sociales y Jurídicas,Educación Infantil,8.059 ,2016-2017
Ciencias Sociales y Jurídicas,Educación Infantil,8.383 ,2017-2018
Ciencias Sociales y Jurídicas,Educación Infantil,8.403 ,2018-2019
Ciencias Sociales y Jurídicas,Educación Infantil,9.073 ,2019-2020
Ciencias Sociales y Jurídicas,Educación Infantil,9.957 ,2020-2021
Ciencias Sociales y Jurídicas,Educación Infantil,10.23 ,2021-2022
Ciencias Sociales y Jurídicas,Educación Infantil,10.186 ,2022-2023
Ciencias Sociales y Jurídicas,Educación Primaria,7.114 ,2011-2012
Ciencias Sociales y Jurídicas,Educación Primaria,7.499 ,2012-2013
Ciencias Sociales y Jurídicas,Educación Primaria,7.484 ,2013-2014
Ciencias Sociales y Jurídicas,Educación Primaria,7.592 ,2014-2015
Ciencias Sociales y Jurídicas,Educación Primaria,7.746 ,2015-2016
Ciencias Sociales y Jurídicas,Educación Primaria,8.090 ,2016-2017
Ciencias Sociales y Jurídicas,Educación Primaria,8.452 ,2017-2018
Ciencias Sociales y Jurídicas,Educación Primaria,8.506 ,2018-2019
Ciencias Sociales y Jurídicas,Educación Primaria,8.961 ,2019-2020
Ciencias Sociales y Jurídicas,Educación Primaria,9.783 ,2020-2021
Ciencias Sociales y Jurídicas,Educación Primaria,10.2 ,2021-2022
Ciencias Sociales y Jurídicas,Educación Primaria,10.384 ,2022-2023
Ciencias Sociales y Jurídicas,Educación Infantil ISEN,nan,2011-2012
Ciencias Sociales y Jurídicas,Educación Infantil ISEN,5 ,2012-2013
Ciencias Sociales y Jurídicas,Educación Infantil ISEN,5 ,2013-2014
Ciencias Sociales y Jurídicas,Educación Infantil ISEN,5.069 ,2014-2015
Ciencias Sociales y Jurídicas,Educación Infantil ISEN,5.13 ,2015-2016
Ciencias Sociales y Jurídicas,Educación Infantil ISEN,5.008 ,2016-2017
Ciencias Sociales y Jurídicas,Educación Infantil ISEN,5.47 ,2017-2018
Ciencias Sociales y Jurídicas,Educación Infantil ISEN,5 ,2018-2019
Ciencias Sociales y Jurídicas,Educación Infantil ISEN,5.18 ,2019-2020
Ciencias Sociales y Jurídicas,Educación Infantil ISEN,6.12 ,2020-2021
Ciencias Sociales y Jurídicas,Educación Infantil ISEN,2.237 ,2021-2022
Ciencias Sociales y Jurídicas,Educación Infantil ISEN,7.553 ,2022-2023
Ciencias Sociales y Jurídicas,Educación Primaria ISEN,5 ,2011-2012
Ciencias Sociales y Jurídicas,Educación Primaria ISEN,5 ,2012-2013
Ciencias Sociales y Jurídicas,Educación Primaria ISEN,5.020 ,2013-2014
Ciencias Sociales y Jurídicas,Educación Primaria ISEN,5.060 ,2014-2015
Ciencias Sociales y Jurídicas,Educación Primaria ISEN,5.175 ,2015-2016
Ciencias Sociales y Jurídicas,Educación Primaria ISEN,5 ,2016-2017
Ciencias Sociales y Jurídicas,Educación Primaria ISEN,5 ,2017-2018
Ciencias Sociales y Jurídicas,Educación Primaria ISEN,5.22 ,2018-2019
Ciencias Sociales y Jurídicas,Educación Primaria ISEN,7.25 ,2019-2020
Ciencias Sociales y Jurídicas,Educación Primaria ISEN,5.303 ,2020-2021
Ciencias Sociales y Jurídicas,Educación Primaria ISEN,5.358 ,2021-2022
Ciencias Sociales y Jurídicas,Educación Primaria ISEN,9.89 ,2022-2023
Ciencias Sociales y Jurídicas,Educación Social,6.893 ,2011-2012
Ciencias Sociales y Jurídicas,Educación Social,7.536 ,2012-2013
Ciencias Sociales y Jurídicas,Educación Social,5.081 ,2013-2014
Ciencias Sociales y Jurídicas,Educación Social,5.333 ,2014-2015
Ciencias Sociales y Jurídicas,Educación Social,8.167 ,2015-2016
Ciencias Sociales y Jurídicas,Educación Social,5.237 ,2016-2017
Ciencias Sociales y Jurídicas,Educación Social,5.379 ,2017-2018
Ciencias Sociales y Jurídicas,Educación Social,6.714 ,2018-2019
Ciencias Sociales y Jurídicas,Educación Social,6.3 ,2019-2020
Ciencias Sociales y Jurídicas,Educación Social,7.432 ,2020-2021
Ciencias Sociales y Jurídicas,Educación Social,5 ,2021-2022
Ciencias Sociales y Jurídicas,Educación Social,7.111 ,2022-2023
Ciencias Sociales y Jurídicas,Estudios de Comuniación y Medios Bachelor Communication and Media Studios,nan,2011-2012
Ciencias Sociales y Jurídicas,Estudios de Comuniación y Medios Bachelor Communication and Media Studios,nan,2012-2013
Ciencias Sociales y Jurídicas,Estudios de Comuniación y Medios Bachelor Communication and Media Studios,nan,2013-2014
Ciencias Sociales y Jurídicas,Estudios de Comuniación y Medios Bachelor Communication and Media Studios,nan,2014-2015
Ciencias Sociales y Jurídicas,Estudios de Comuniación y Medios Bachelor Communication and Media Studios,nan,2015-2016
Ciencias Sociales y Jurídicas,Estudios de Comuniación y Medios Bachelor Communication and Media Studios,nan,2016-2017
Ciencias Sociales y Jurídicas,Estudios de Comuniación y Medios Bachelor Communication and Media Studios,nan,2017-2018
Ciencias Sociales y Jurídicas,Estudios de Comuniación y Medios Bachelor Communication and Media Studios,nan,2018-2019
Ciencias Sociales y Jurídicas,Estudios de Comuniación y Medios Bachelor Communication and Media Studios,nan,2019-2020
Ciencias Sociales y Jurídicas,Estudios de Comuniación y Medios Bachelor Communication and Media Studios,nan,2020-2021
Ciencias Sociales y Jurídicas,Estudios de Comuniación y Medios Bachelor Communication and Media Studios,nan,2021-2022
Ciencias Sociales y Jurídicas,Estudios de Comuniación y Medios Bachelor Communication and Media Studios,9.764 ,2022-2023
Ciencias Sociales y Jurídicas,Información y Documentación,6.150 ,2011-2012
Ciencias Sociales y Jurídicas,Información y Documentación,6.67 ,2012-2013
Ciencias Sociales y Jurídicas,Información y Documentación,5.020 ,2013-2014
Ciencias Sociales y Jurídicas,Información y Documentación,5.627 ,2014-2015
Ciencias Sociales y Jurídicas,Información y Documentación,5.138 ,2015-2016
Ciencias Sociales y Jurídicas,Información y Documentación,7.160 ,2016-2017
Ciencias Sociales y Jurídicas,Información y Documentación,5.83 ,2017-2018
Ciencias Sociales y Jurídicas,Información y Documentación,7.84 ,2018-2019
Ciencias Sociales y Jurídicas,Información y Documentación,5.244 ,2019-2020
Ciencias Sociales y Jurídicas,Información y Documentación,nan,2020-2021
Ciencias Sociales y Jurídicas,Información y Documentación,nan,2021-2022
Ciencias Sociales y Jurídicas,Información y Documentación,nan,2022-2023
Ciencias Sociales y Jurídicas,Gestión de Información y Contenidos Digitales,nan,2011-2012
Ciencias Sociales y Jurídicas,Gestión de Información y Contenidos Digitales,nan,2012-2013
Ciencias Sociales y Jurídicas,Gestión de Información y Contenidos Digitales,nan,2013-2014
Ciencias Sociales y Jurídicas,Gestión de Información y Contenidos Digitales,nan,2014-2015
Ciencias Sociales y Jurídicas,Gestión de Información y Contenidos Digitales,nan,2015-2016
Ciencias Sociales y Jurídicas,Gestión de Información y Contenidos Digitales,nan,2016-2017
Ciencias Sociales y Jurídicas,Gestión de Información y Contenidos Digitales,nan,2017-2018
Ciencias Sociales y Jurídicas,Gestión de Información y Contenidos Digitales,nan,2018-2019
Ciencias Sociales y Jurídicas,Gestión de Información y Contenidos Digitales,nan,2019-2020
Ciencias Sociales y Jurídicas,Gestión de Información y Contenidos Digitales,5.107 ,2020-2021
Ciencias Sociales y Jurídicas,Gestión de Información y Contenidos Digitales,5.63 ,2021-2022
Ciencias Sociales y Jurídicas,Gestión de Información y Contenidos Digitales,8.189 ,2022-2023
Ciencias Sociales y Jurídicas,Marketing,6.330 ,2011-2012
Ciencias Sociales y Jurídicas,Marketing,6.642 ,2012-2013
Ciencias Sociales y Jurídicas,Marketing,7.258 ,2013-2014
Ciencias Sociales y Jurídicas,Marketing,7.661 ,2014-2015
Ciencias Sociales y Jurídicas,Marketing,7.731 ,2015-2016
Ciencias Sociales y Jurídicas,Marketing,8.710 ,2016-2017
Ciencias Sociales y Jurídicas,Marketing,9.61 ,2017-2018
Ciencias Sociales y Jurídicas,Marketing,8.718 ,2018-2019
Ciencias Sociales y Jurídicas,Marketing,9.7 ,2019-2020
Ciencias Sociales y Jurídicas,Marketing,10.18 ,2020-2021
Ciencias Sociales y Jurídicas,Marketing,9.921 ,2021-2022
Ciencias Sociales y Jurídicas,Marketing,10.434 ,2022-2023
Ciencias Sociales y Jurídicas,Pedagogía,7.001 ,2011-2012
Ciencias Sociales y Jurídicas,Pedagogía,8.208 ,2012-2013
Ciencias Sociales y Jurídicas,Pedagogía,5 ,2013-2014
Ciencias Sociales y Jurídicas,Pedagogía,5.333 ,2014-2015
Ciencias Sociales y Jurídicas,Pedagogía,5.374 ,2015-2016
Ciencias Sociales y Jurídicas,Pedagogía,5.345 ,2016-2017
Ciencias Sociales y Jurídicas,Pedagogía,8.004 ,2017-2018
Ciencias Sociales y Jurídicas,Pedagogía,6.911 ,2018-2019
Ciencias Sociales y Jurídicas,Pedagogía,8.644 ,2019-2020
Ciencias Sociales y Jurídicas,Pedagogía,8.985 ,2020-2021
Ciencias Sociales y Jurídicas,Pedagogía,8.104 ,2021-2022
Ciencias Sociales y Jurídicas,Pedagogía,5.32 ,2022-2023
Ciencias Sociales y Jurídicas,Periodismo,7.720 ,2011-2012
Ciencias Sociales y Jurídicas,Periodismo,8.12 ,2012-2013
Ciencias Sociales y Jurídicas,Periodismo,8.525 ,2013-2014
Ciencias Sociales y Jurídicas,Periodismo,8.522 ,2014-2015
Ciencias Sociales y Jurídicas,Periodismo,8.647 ,2015-2016
Ciencias Sociales y Jurídicas,Periodismo,8.609 ,2016-2017
Ciencias Sociales y Jurídicas,Periodismo,8.529 ,2017-2018
Ciencias Sociales y Jurídicas,Periodismo,8.526 ,2018-2019
Ciencias Sociales y Jurídicas,Periodismo,8.642 ,2019-2020
Ciencias Sociales y Jurídicas,Periodismo,7.454 ,2020-2021
Ciencias Sociales y Jurídicas,Periodismo,6.126 ,2021-2022
Ciencias Sociales y Jurídicas,Periodismo,9.4 ,2022-2023
Ciencias Sociales y Jurídicas,Publicidad y Relaciones Públicas,6.479 ,2011-2012
Ciencias Sociales y Jurídicas,Publicidad y Relaciones Públicas,7.266 ,2012-2013
Ciencias Sociales y Jurídicas,Publicidad y Relaciones Públicas,7.609 ,2013-2014
Ciencias Sociales y Jurídicas,Publicidad y Relaciones Públicas,7.567 ,2014-2015
Ciencias Sociales y Jurídicas,Publicidad y Relaciones Públicas,7.33 ,2015-2016
Ciencias Sociales y Jurídicas,Publicidad y Relaciones Públicas,7.511 ,2016-2017
Ciencias Sociales y Jurídicas,Publicidad y Relaciones Públicas,7.6 ,2017-2018
Ciencias Sociales y Jurídicas,Publicidad y Relaciones Públicas,8.506 ,2018-2019
Ciencias Sociales y Jurídicas,Publicidad y Relaciones Públicas,8.699 ,2019-2020
Ciencias Sociales y Jurídicas,Publicidad y Relaciones Públicas,8.645 ,2020-2021
Ciencias Sociales y Jurídicas,Publicidad y Relaciones Públicas,5.83 ,2021-2022
Ciencias Sociales y Jurídicas,Publicidad y Relaciones Públicas,9.261 ,2022-2023
Ciencias Sociales y Jurídicas,Relaciones Internacionales,nan,2011-2012
Ciencias Sociales y Jurídicas,Relaciones Internacionales,nan,2012-2013
Ciencias Sociales y Jurídicas,Relaciones Internacionales,nan,2013-2014
Ciencias Sociales y Jurídicas,Relaciones Internacionales,nan,2014-2015
Ciencias Sociales y Jurídicas,Relaciones Internacionales,nan,2015-2016
Ciencias Sociales y Jurídicas,Relaciones Internacionales,nan,2016-2017
Ciencias Sociales y Jurídicas,Relaciones Internacionales,nan,2017-2018
Ciencias Sociales y Jurídicas,Relaciones Internacionales,6.75 ,2018-2019
Ciencias Sociales y Jurídicas,Relaciones Internacionales,5.35 ,2019-2020
Ciencias Sociales y Jurídicas,Relaciones Internacionales,5.571 ,2020-2021
Ciencias Sociales y Jurídicas,Relaciones Internacionales,6.667 ,2021-2022
Ciencias Sociales y Jurídicas,Relaciones Internacionales,5.456 ,2022-2023
Ciencias Sociales y Jurídicas,Relaciones Laborales y RRHH,5.361 ,2011-2012
Ciencias Sociales y Jurídicas,Relaciones Laborales y RRHH,5.037 ,2012-2013
Ciencias Sociales y Jurídicas,Relaciones Laborales y RRHH,5 ,2013-2014
Ciencias Sociales y Jurídicas,Relaciones Laborales y RRHH,5.036 ,2014-2015
Ciencias Sociales y Jurídicas,Relaciones Laborales y RRHH,5.081 ,2015-2016
Ciencias Sociales y Jurídicas,Relaciones Laborales y RRHH,5.131 ,2016-2017
Ciencias Sociales y Jurídicas,Relaciones Laborales y RRHH,6.33 ,2017-2018
Ciencias Sociales y Jurídicas,Relaciones Laborales y RRHH,6.81 ,2018-2019
Ciencias Sociales y Jurídicas,Relaciones Laborales y RRHH,5.144 ,2019-2020
Ciencias Sociales y Jurídicas,Relaciones Laborales y RRHH,7.5 ,2020-2021
Ciencias Sociales y Jurídicas,Relaciones Laborales y RRHH,5.561 ,2021-2022
Ciencias Sociales y Jurídicas,Relaciones Laborales y RRHH,8.4 ,2022-2023
Ciencias Sociales y Jurídicas,Relaciones Laborales y RRHH ISEN,5 ,2011-2012
Ciencias Sociales y Jurídicas,Relaciones Laborales y RRHH ISEN,5 ,2012-2013
Ciencias Sociales y Jurídicas,Relaciones Laborales y RRHH ISEN,5 ,2013-2014
Ciencias Sociales y Jurídicas,Relaciones Laborales y RRHH ISEN,5 ,2014-2015
Ciencias Sociales y Jurídicas,Relaciones Laborales y RRHH ISEN,5035,2015-2016
Ciencias Sociales y Jurídicas,Relaciones Laborales y RRHH ISEN,nan,2016-2017
Ciencias Sociales y Jurídicas,Relaciones Laborales y RRHH ISEN,nan,2017-2018
Ciencias Sociales y Jurídicas,Relaciones Laborales y RRHH ISEN,nan,2018-2019
Ciencias Sociales y Jurídicas,Relaciones Laborales y RRHH ISEN,nan,2019-2020
Ciencias Sociales y Jurídicas,Relaciones Laborales y RRHH ISEN,nan,2020-2021
Ciencias Sociales y Jurídicas,Relaciones Laborales y RRHH ISEN,nan,2021-2022
Ciencias Sociales y Jurídicas,Relaciones Laborales y RRHH ISEN,nan,2022-2023
Ciencias Sociales y Jurídicas,Seguridad ISEN,nan,2011-2012
Ciencias Sociales y Jurídicas,Seguridad ISEN,nan,2012-2013
Ciencias Sociales y Jurídicas,Seguridad ISEN,nan,2013-2014
Ciencias Sociales y Jurídicas,Seguridad ISEN,nan,2014-2015
Ciencias Sociales y Jurídicas,Seguridad ISEN,nan,2015-2016
Ciencias Sociales y Jurídicas,Seguridad ISEN,nan,2016-2017
Ciencias Sociales y Jurídicas,Seguridad ISEN,5.47 ,2017-2018
Ciencias Sociales y Jurídicas,Seguridad ISEN,6.5 ,2018-2019
Ciencias Sociales y Jurídicas,Seguridad ISEN,5.597 ,2019-2020
Ciencias Sociales y Jurídicas,Seguridad ISEN,5.17 ,2020-2021
Ciencias Sociales y Jurídicas,Seguridad ISEN,5.092 ,2021-2022
Ciencias Sociales y Jurídicas,Seguridad ISEN,8.12 ,2022-2023
Ciencias Sociales y Jurídicas,Sociología,nan,2011-2012
Ciencias Sociales y Jurídicas,Sociología,nan,2012-2013
Ciencias Sociales y Jurídicas,Sociología,nan,2013-2014
Ciencias Sociales y Jurídicas,Sociología,nan,2014-2015
Ciencias Sociales y Jurídicas,Sociología,nan,2015-2016
Ciencias Sociales y Jurídicas,Sociología,nan,2016-2017
Ciencias Sociales y Jurídicas,Sociología,5.65 ,2017-2018
Ciencias Sociales y Jurídicas,Sociología,6.685 ,2018-2019
Ciencias Sociales y Jurídicas,Sociología,6.709 ,2019-2020
Ciencias Sociales y Jurídicas,Sociología,7.611 ,2020-2021
Ciencias Sociales y Jurídicas,Sociología,7.43 ,2021-2022
Ciencias Sociales y Jurídicas,Sociología,5.606 ,2022-2023
Ciencias Sociales y Jurídicas,Terapia Ocupacional,nan,2011-2012
Ciencias Sociales y Jurídicas,Terapia Ocupacional,nan,2012-2013
Ciencias Sociales y Jurídicas,Terapia Ocupacional,nan,2013-2014
Ciencias Sociales y Jurídicas,Terapia Ocupacional,nan,2014-2015
Ciencias Sociales y Jurídicas,Terapia Ocupacional,nan,2015-2016
Ciencias Sociales y Jurídicas,Terapia Ocupacional,nan,2016-2017
Ciencias Sociales y Jurídicas,Terapia Ocupacional,nan,2017-2018
Ciencias Sociales y Jurídicas,Terapia Ocupacional,nan,2018-2019
Ciencias Sociales y Jurídicas,Terapia Ocupacional,nan,2019-2020
Ciencias Sociales y Jurídicas,Terapia Ocupacional,nan,2020-2021
Ciencias Sociales y Jurídicas,Terapia Ocupacional,nan,2021-2022
Ciencias Sociales y Jurídicas,Terapia Ocupacional,6.22 ,2022-2023
Ciencias Sociales y Jurídicas,Trabajo Social,6.783 ,2011-2012
Ciencias Sociales y Jurídicas,Trabajo Social,6.953 ,2012-2013
Ciencias Sociales y Jurídicas,Trabajo Social,5 ,2013-2014
Ciencias Sociales y Jurídicas,Trabajo Social,5.126 ,2014-2015
Ciencias Sociales y Jurídicas,Trabajo Social,8.15 ,2015-2016
Ciencias Sociales y Jurídicas,Trabajo Social,7.948 ,2016-2017
Ciencias Sociales y Jurídicas,Trabajo Social,8.245 ,2017-2018
Ciencias Sociales y Jurídicas,Trabajo Social,7.7 ,2018-2019
Ciencias Sociales y Jurídicas,Trabajo Social,7.482 ,2019-2020
Ciencias Sociales y Jurídicas,Trabajo Social,5.857 ,2020-2021
Ciencias Sociales y Jurídicas,Trabajo Social,5.56 ,2021-2022
Ciencias Sociales y Jurídicas,Trabajo Social,7.07 ,2022-2023
Ciencias Sociales y Jurídicas,Turismo,5 ,2011-2012
Ciencias Sociales y Jurídicas,Turismo,5 ,2012-2013
Ciencias Sociales y Jurídicas,Turismo,5 ,2013-2014
Ciencias Sociales y Jurídicas,Turismo,5 ,2014-2015
Ciencias Sociales y Jurídicas,Turismo,5.044 ,2015-2016
Ciencias Sociales y Jurídicas,Turismo,5 ,2016-2017
Ciencias Sociales y Jurídicas,Turismo,5.29 ,2017-2018
Ciencias Sociales y Jurídicas,Turismo,5 ,2018-2019
Ciencias Sociales y Jurídicas,Turismo,5.372 ,2019-2020
Ciencias Sociales y Jurídicas,Turismo,5 ,2020-2021
Ciencias Sociales y Jurídicas,Turismo,5.03 ,2021-2022
Ciencias Sociales y Jurídicas,Turismo,5.702 ,2022-2023
Ciencias Sociales y Jurídicas,PCEO ADE y Derecho,9.146 ,2011-2012
Ciencias Sociales y Jurídicas,PCEO ADE y Derecho,9.114 ,2012-2013
Ciencias Sociales y Jurídicas,PCEO ADE y Derecho,10.380 ,2013-2014
Ciencias Sociales y Jurídicas,PCEO ADE y Derecho,9.800 ,2014-2015
Ciencias Sociales y Jurídicas,PCEO ADE y Derecho,9.273 ,2015-2016
Ciencias Sociales y Jurídicas,PCEO ADE y Derecho,6.799 ,2016-2017
Ciencias Sociales y Jurídicas,PCEO ADE y Derecho,8.696 ,2017-2018
Ciencias Sociales y Jurídicas,PCEO ADE y Derecho,10.113 ,2018-2019
Ciencias Sociales y Jurídicas,PCEO ADE y Derecho,10.846 ,2019-2020
Ciencias Sociales y Jurídicas,PCEO ADE y Derecho,10.219 ,2020-2021
Ciencias Sociales y Jurídicas,PCEO ADE y Derecho,11.739 ,2021-2022
Ciencias Sociales y Jurídicas,PCEO ADE y Derecho,11.375 ,2022-2023
Ciencias Sociales y Jurídicas,PCEO CAFD y Nutrición Humana y Dietética,nan,2011-2012
Ciencias Sociales y Jurídicas,PCEO CAFD y Nutrición Humana y Dietética,nan,2012-2013
Ciencias Sociales y Jurídicas,PCEO CAFD y Nutrición Humana y Dietética,nan,2013-2014
Ciencias Sociales y Jurídicas,PCEO CAFD y Nutrición Humana y Dietética,nan,2014-2015
Ciencias Sociales y Jurídicas,PCEO CAFD y Nutrición Humana y Dietética,nan,2015-2016
Ciencias Sociales y Jurídicas,PCEO CAFD y Nutrición Humana y Dietética,nan,2016-2017
Ciencias Sociales y Jurídicas,PCEO CAFD y Nutrición Humana y Dietética,nan,2017-2018
Ciencias Sociales y Jurídicas,PCEO CAFD y Nutrición Humana y Dietética,nan,2018-2019
Ciencias Sociales y Jurídicas,PCEO CAFD y Nutrición Humana y Dietética,nan,2019-2020
Ciencias Sociales y Jurídicas,PCEO CAFD y Nutrición Humana y Dietética,9.372 ,2020-2021
Ciencias Sociales y Jurídicas,PCEO CAFD y Nutrición Humana y Dietética,11.003 ,2021-2022
Ciencias Sociales y Jurídicas,PCEO CAFD y Nutrición Humana y Dietética,10.578 ,2022-2023
Ciencias Sociales y Jurídicas,PCEO Criminología y Seguridad,nan,2011-2012
Ciencias Sociales y Jurídicas,PCEO Criminología y Seguridad,nan,2012-2013
Ciencias Sociales y Jurídicas,PCEO Criminología y Seguridad,nan,2013-2014
Ciencias Sociales y Jurídicas,PCEO Criminología y Seguridad,nan,2014-2015
Ciencias Sociales y Jurídicas,PCEO Criminología y Seguridad,nan,2015-2016
Ciencias Sociales y Jurídicas,PCEO Criminología y Seguridad,nan,2016-2017
Ciencias Sociales y Jurídicas,PCEO Criminología y Seguridad,nan,2017-2018
Ciencias Sociales y Jurídicas,PCEO Criminología y Seguridad,nan,2018-2019
Ciencias Sociales y Jurídicas,PCEO Criminología y Seguridad,9.321 ,2019-2020
Ciencias Sociales y Jurídicas,PCEO Criminología y Seguridad,9.764 ,2020-2021
Ciencias Sociales y Jurídicas,PCEO Criminología y Seguridad,9.676 ,2021-2022
Ciencias Sociales y Jurídicas,PCEO Criminología y Seguridad,10.23 ,2022-2023
Ciencias Sociales y Jurídicas,PCEO Educación Infantil y Educación Primaria,nan,2011-2012
Ciencias Sociales y Jurídicas,PCEO Educación Infantil y Educación Primaria,nan,2012-2013
Ciencias Sociales y Jurídicas,PCEO Educación Infantil y Educación Primaria,nan,2013-2014
Ciencias Sociales y Jurídicas,PCEO Educación Infantil y Educación Primaria,nan,2014-2015
Ciencias Sociales y Jurídicas,PCEO Educación Infantil y Educación Primaria,nan,2015-2016
Ciencias Sociales y Jurídicas,PCEO Educación Infantil y Educación Primaria,nan,2016-2017
Ciencias Sociales y Jurídicas,PCEO Educación Infantil y Educación Primaria,nan,2017-2018
Ciencias Sociales y Jurídicas,PCEO Educación Infantil y Educación Primaria,nan,2018-2019
Ciencias Sociales y Jurídicas,PCEO Educación Infantil y Educación Primaria,11.649 ,2019-2020
Ciencias Sociales y Jurídicas,PCEO Educación Infantil y Educación Primaria,12.15 ,2020-2021
Ciencias Sociales y Jurídicas,PCEO Educación Infantil y Educación Primaria,12.724 ,2021-2022
Ciencias Sociales y Jurídicas,PCEO Educación Infantil y Educación Primaria,12.323 ,2022-2023
Ciencias Sociales y Jurídicas,PCEO Educación Infantil y Educación Primaria ISEN,nan,2011-2012
Ciencias Sociales y Jurídicas,PCEO Educación Infantil y Educación Primaria ISEN,nan,2012-2013
Ciencias Sociales y Jurídicas,PCEO Educación Infantil y Educación Primaria ISEN,nan,2013-2014
Ciencias Sociales y Jurídicas,PCEO Educación Infantil y Educación Primaria ISEN,nan,2014-2015
Ciencias Sociales y Jurídicas,PCEO Educación Infantil y Educación Primaria ISEN,nan,2015-2016
Ciencias Sociales y Jurídicas,PCEO Educación Infantil y Educación Primaria ISEN,nan,2016-2017
Ciencias Sociales y Jurídicas,PCEO Educación Infantil y Educación Primaria ISEN,nan,2017-2018
Ciencias Sociales y Jurídicas,PCEO Educación Infantil y Educación Primaria ISEN,nan,2018-2019
Ciencias Sociales y Jurídicas,PCEO Educación Infantil y Educación Primaria ISEN,nan,2019-2020
Ciencias Sociales y Jurídicas,PCEO Educación Infantil y Educación Primaria ISEN,6.467 ,2020-2021
Ciencias Sociales y Jurídicas,PCEO Educación Infantil y Educación Primaria ISEN,7.932 ,2021-2022
Ciencias Sociales y Jurídicas,PCEO Educación Infantil y Educación Primaria ISEN,7.482 ,2022-2023
Ciencias Sociales y Jurídicas,PCEO Educación Primariay CAFD,nan,2011-2012
Ciencias Sociales y Jurídicas,PCEO Educación Primariay CAFD,nan,2012-2013
Ciencias Sociales y Jurídicas,PCEO Educación Primariay CAFD,nan,2013-2014
Ciencias Sociales y Jurídicas,PCEO Educación Primariay CAFD,nan,2014-2015
Ciencias Sociales y Jurídicas,PCEO Educación Primariay CAFD,nan,2015-2016
Ciencias Sociales y Jurídicas,PCEO Educación Primariay CAFD,nan,2016-2017
Ciencias Sociales y Jurídicas,PCEO Educación Primariay CAFD,nan,2017-2018
Ciencias Sociales y Jurídicas,PCEO Educación Primariay CAFD,nan,2018-2019
Ciencias Sociales y Jurídicas,PCEO Educación Primariay CAFD,nan,2019-2020
Ciencias Sociales y Jurídicas,PCEO Educación Primariay CAFD,nan,2020-2021
Ciencias Sociales y Jurídicas,PCEO Educación Primariay CAFD,10.7 ,2021-2022
Ciencias Sociales y Jurídicas,PCEO Educación Primariay CAFD,9.666 ,2022-2023
Ciencias Sociales y Jurídicas,PCEO Periodismo e Información y Documentación,nan,2011-2012
Ciencias Sociales y Jurídicas,PCEO Periodismo e Información y Documentación,nan,2012-2013
Ciencias Sociales y Jurídicas,PCEO Periodismo e Información y Documentación,nan,2013-2014
Ciencias Sociales y Jurídicas,PCEO Periodismo e Información y Documentación,5.972 ,2014-2015
Ciencias Sociales y Jurídicas,PCEO Periodismo e Información y Documentación,7.293 ,2015-2016
Ciencias Sociales y Jurídicas,PCEO Periodismo e Información y Documentación,7.821 ,2016-2017
Ciencias Sociales y Jurídicas,PCEO Periodismo e Información y Documentación,8.045 ,2017-2018
Ciencias Sociales y Jurídicas,PCEO Periodismo e Información y Documentación,11.78 ,2018-2019
Ciencias Sociales y Jurídicas,PCEO Periodismo e Información y Documentación,8.967 ,2019-2020
Ciencias Sociales y Jurídicas,PCEO Periodismo e Información y Documentación,nan,2020-2021
Ciencias Sociales y Jurídicas,PCEO Periodismo e Información y Documentación,nan,2021-2022
Ciencias Sociales y Jurídicas,PCEO Periodismo e Información y Documentación,nan,2022-2023
Ciencias de la Salud,Enfermería Cartagena,8.576 ,2011-2012
Ciencias de la Salud,Enfermería Cartagena,9.45 ,2012-2013
Ciencias de la Salud,Enfermería Cartagena,9.710 ,2013-2014
Ciencias de la Salud,Enfermería Cartagena,9.763 ,2014-2015
Ciencias de la Salud,Enfermería Cartagena,10.059 ,2015-2016
Ciencias de la Salud,Enfermería Cartagena,10.473 ,2016-2017
Ciencias de la Salud,Enfermería Cartagena,9.541 ,2017-2018
Ciencias de la Salud,Enfermería Cartagena,9.499 ,2018-2019
Ciencias de la Salud,Enfermería Cartagena,9.786 ,2019-2020
Ciencias de la Salud,Enfermería Cartagena,11.064 ,2020-2021
Ciencias de la Salud,Enfermería Cartagena,11.602 ,2021-2022
Ciencias de la Salud,Enfermería Cartagena,11.503 ,2022-2023
Ciencias de la Salud,Enfermería Murcia,9.637 ,2011-2012
Ciencias de la Salud,Enfermería Murcia,10.060 ,2012-2013
Ciencias de la Salud,Enfermería Murcia,10.053 ,2013-2014
Ciencias de la Salud,Enfermería Murcia,10.070 ,2014-2015
Ciencias de la Salud,Enfermería Murcia,10.36 ,2015-2016
Ciencias de la Salud,Enfermería Murcia,10.733 ,2016-2017
Ciencias de la Salud,Enfermería Murcia,10.421 ,2017-2018
Ciencias de la Salud,Enfermería Murcia,10.423 ,2018-2019
Ciencias de la Salud,Enfermería Murcia,10.57 ,2019-2020
Ciencias de la Salud,Enfermería Murcia,11.774 ,2020-2021
Ciencias de la Salud,Enfermería Murcia,12.088 ,2021-2022
Ciencias de la Salud,Enfermería Murcia,12.01 ,2022-2023
Ciencias de la Salud,Enfermería Lorca,8.500 ,2011-2012
Ciencias de la Salud,Enfermería Lorca,9.29 ,2012-2013
Ciencias de la Salud,Enfermería Lorca,9.330 ,2013-2014
Ciencias de la Salud,Enfermería Lorca,9.330 ,2014-2015
Ciencias de la Salud,Enfermería Lorca,9.83 ,2015-2016
Ciencias de la Salud,Enfermería Lorca,9.950 ,2016-2017
Ciencias de la Salud,Enfermería Lorca,8.817 ,2017-2018
Ciencias de la Salud,Enfermería Lorca,9.335 ,2018-2019
Ciencias de la Salud,Enfermería Lorca,9.614 ,2019-2020
Ciencias de la Salud,Enfermería Lorca,10.89 ,2020-2021
Ciencias de la Salud,Enfermería Lorca,11.534 ,2021-2022
Ciencias de la Salud,Enfermería Lorca,11.414 ,2022-2023
Ciencias de la Salud,Farmacia,8.213 ,2011-2012
Ciencias de la Salud,Farmacia,9.363 ,2012-2013
Ciencias de la Salud,Farmacia,10.057 ,2013-2014
Ciencias de la Salud,Farmacia,10.504 ,2014-2015
Ciencias de la Salud,Farmacia,10.956 ,2015-2016
Ciencias de la Salud,Farmacia,11.130 ,2016-2017
Ciencias de la Salud,Farmacia,11.082 ,2017-2018
Ciencias de la Salud,Farmacia,10.464 ,2018-2019
Ciencias de la Salud,Farmacia,10.966 ,2019-2020
Ciencias de la Salud,Farmacia,12.136 ,2020-2021
Ciencias de la Salud,Farmacia,11.766 ,2021-2022
Ciencias de la Salud,Farmacia,11.383 ,2022-2023
Ciencias de la Salud,Fisioterapia,8.297 ,2011-2012
Ciencias de la Salud,Fisioterapia,9.158 ,2012-2013
Ciencias de la Salud,Fisioterapia,9.467 ,2013-2014
Ciencias de la Salud,Fisioterapia,10.255 ,2014-2015
Ciencias de la Salud,Fisioterapia,10.276 ,2015-2016
Ciencias de la Salud,Fisioterapia,10.724 ,2016-2017
Ciencias de la Salud,Fisioterapia,9.62 ,2017-2018
Ciencias de la Salud,Fisioterapia,9.77 ,2018-2019
Ciencias de la Salud,Fisioterapia,9.598 ,2019-2020
Ciencias de la Salud,Fisioterapia,10.827 ,2020-2021
Ciencias de la Salud,Fisioterapia,11.084 ,2021-2022
Ciencias de la Salud,Fisioterapia,10.559 ,2022-2023
Ciencias de la Salud,Logopedia,7.815 ,2011-2012
Ciencias de la Salud,Logopedia,6.333 ,2012-2013
Ciencias de la Salud,Logopedia,5.945 ,2013-2014
Ciencias de la Salud,Logopedia,5.974 ,2014-2015
Ciencias de la Salud,Logopedia,5.657 ,2015-2016
Ciencias de la Salud,Logopedia,6.202 ,2016-2017
Ciencias de la Salud,Logopedia,8.4 ,2017-2018
Ciencias de la Salud,Logopedia,6.078 ,2018-2019
Ciencias de la Salud,Logopedia,6.07 ,2019-2020
Ciencias de la Salud,Logopedia,5.997 ,2020-2021
Ciencias de la Salud,Logopedia,6.6 ,2021-2022
Ciencias de la Salud,Logopedia,12.27 ,2022-2023
Ciencias de la Salud,Medicina,11.987 ,2011-2012
Ciencias de la Salud,Medicina,12.290 ,2012-2013
Ciencias de la Salud,Medicina,12.348 ,2013-2014
Ciencias de la Salud,Medicina,12.389 ,2014-2015
Ciencias de la Salud,Medicina,12.661 ,2015-2016
Ciencias de la Salud,Medicina,12.772 ,2016-2017
Ciencias de la Salud,Medicina,12.819 ,2017-2018
Ciencias de la Salud,Medicina,12.605 ,2018-2019
Ciencias de la Salud,Medicina,12.644 ,2019-2020
Ciencias de la Salud,Medicina,13.152 ,2020-2021
Ciencias de la Salud,Medicina,13.345 ,2021-2022
Ciencias de la Salud,Medicina,13.25 ,2022-2023
Ciencias de la Salud,Nutrición Humana y Dietética,5.070 ,2011-2012
Ciencias de la Salud,Nutrición Humana y Dietética,5.75 ,2012-2013
Ciencias de la Salud,Nutrición Humana y Dietética,5 ,2013-2014
Ciencias de la Salud,Nutrición Humana y Dietética,6.678 ,2014-2015
Ciencias de la Salud,Nutrición Humana y Dietética,5.804 ,2015-2016
Ciencias de la Salud,Nutrición Humana y Dietética,5.744 ,2016-2017
Ciencias de la Salud,Nutrición Humana y Dietética,6.6 ,2017-2018
Ciencias de la Salud,Nutrición Humana y Dietética,7.43 ,2018-2019
Ciencias de la Salud,Nutrición Humana y Dietética,8.57 ,2019-2020
Ciencias de la Salud,Nutrición Humana y Dietética,8.09 ,2020-2021
Ciencias de la Salud,Nutrición Humana y Dietética,6 ,2021-2022
Ciencias de la Salud,Nutrición Humana y Dietética,6.3 ,2022-2023
Ciencias de la Salud,Odontología,10.821 ,2011-2012
Ciencias de la Salud,Odontología,11.524 ,2012-2013
Ciencias de la Salud,Odontología,11.398 ,2013-2014
Ciencias de la Salud,Odontología,11.258 ,2014-2015
Ciencias de la Salud,Odontología,11.629 ,2015-2016
Ciencias de la Salud,Odontología,5.744 ,2016-2017
Ciencias de la Salud,Odontología,11.619 ,2017-2018
Ciencias de la Salud,Odontología,11.547 ,2018-2019
Ciencias de la Salud,Odontología,11.52 ,2019-2020
Ciencias de la Salud,Odontología,12.27 ,2020-2021
Ciencias de la Salud,Odontología,12.66 ,2021-2022
Ciencias de la Salud,Odontología,12.609 ,2022-2023
Ciencias de la Salud,Óptica y Optometría,5.402 ,2011-2012
Ciencias de la Salud,Óptica y Optometría,5.05 ,2012-2013
Ciencias de la Salud,Óptica y Optometría,5.249 ,2013-2014
Ciencias de la Salud,Óptica y Optometría,5.977 ,2014-2015
Ciencias de la Salud,Óptica y Optometría,5.154 ,2015-2016
Ciencias de la Salud,Óptica y Optometría,5.236 ,2016-2017
Ciencias de la Salud,Óptica y Optometría,5.436 ,2017-2018
Ciencias de la Salud,Óptica y Optometría,5.53 ,2018-2019
Ciencias de la Salud,Óptica y Optometría,8.339 ,2019-2020
Ciencias de la Salud,Óptica y Optometría,7.4 ,2020-2021
Ciencias de la Salud,Óptica y Optometría,5.839 ,2021-2022
Ciencias de la Salud,Óptica y Optometría,5.524 ,2022-2023
Ciencias de la Salud,Psicología,6.955 ,2011-2012
Ciencias de la Salud,Psicología,6.57 ,2012-2013
Ciencias de la Salud,Psicología,7.422 ,2013-2014
Ciencias de la Salud,Psicología,7.818 ,2014-2015
Ciencias de la Salud,Psicología,8.357 ,2015-2016
Ciencias de la Salud,Psicología,8.644 ,2016-2017
Ciencias de la Salud,Psicología,7.848 ,2017-2018
Ciencias de la Salud,Psicología,9.295 ,2018-2019
Ciencias de la Salud,Psicología,9.199 ,2019-2020
Ciencias de la Salud,Psicología,10.315 ,2020-2021
Ciencias de la Salud,Psicología,10.736 ,2021-2022
Ciencias de la Salud,Psicología,10.408 ,2022-2023
Ciencias de la Salud,Veterinaria,9.172 ,2011-2012
Ciencias de la Salud,Veterinaria,9.801 ,2012-2013
Ciencias de la Salud,Veterinaria,10.165 ,2013-2014
Ciencias de la Salud,Veterinaria,10.656 ,2014-2015
Ciencias de la Salud,Veterinaria,11.11 ,2015-2016
Ciencias de la Salud,Veterinaria,11.246 ,2016-2017
Ciencias de la Salud,Veterinaria,10.794 ,2017-2018
Ciencias de la Salud,Veterinaria,10.137 ,2018-2019
Ciencias de la Salud,Veterinaria,10.712 ,2019-2020
Ciencias de la Salud,Veterinaria,11.131 ,2020-2021
Ciencias de la Salud,Veterinaria,11.733 ,2021-2022
Ciencias de la Salud,Veterinaria,11.576 ,2022-2023
Ciencias,Biología,5.785 ,2011-2012
Ciencias,Biología,6.553 ,2012-2013
Ciencias,Biología,7.905 ,2013-2014
Ciencias,Biología,8.239 ,2014-2015
Ciencias,Biología,8.754 ,2015-2016
Ciencias,Biología,8.268 ,2016-2017
Ciencias,Biología,8.364 ,2017-2018
Ciencias,Biología,9.009 ,2018-2019
Ciencias,Biología,8.12 ,2019-2020
Ciencias,Biología,9.178 ,2020-2021
Ciencias,Biología,9.406 ,2020-2021
Ciencias,Biología,9.577 ,2021-2021
Ciencias,Bioquímica,8.574 ,2011-2012
Ciencias,Bioquímica,10.187 ,2012-2013
Ciencias,Bioquímica,10.716 ,2013-2014
Ciencias,Bioquímica,10.832 ,2014-2015
Ciencias,Bioquímica,11.442 ,2015-2016
Ciencias,Bioquímica,10.587 ,2016-2017
Ciencias,Bioquímica,11.30 ,2017-2018
Ciencias,Bioquímica,11.721 ,2018-2019
Ciencias,Bioquímica,10.825 ,2019-2020
Ciencias,Bioquímica,11.775 ,2020-2021
Ciencias,Bioquímica,9.805 ,2020-2021
Ciencias,Bioquímica,11.072 ,2021-2021
Ciencias,Biotecnología,10.392 ,2011-2012
Ciencias,Biotecnología,11.076 ,2012-2013
Ciencias,Biotecnología,11.485 ,2013-2014
Ciencias,Biotecnología,10.812 ,2014-2015
Ciencias,Biotecnología,12.019 ,2015-2016
Ciencias,Biotecnología,10.355 ,2016-2017
Ciencias,Biotecnología,11.715 ,2017-2018
Ciencias,Biotecnología,11.872 ,2018-2019
Ciencias,Biotecnología,11.222 ,2019-2020
Ciencias,Biotecnología,12.132 ,2020-2021
Ciencias,Biotecnología,12.139 ,2020-2021
Ciencias,Biotecnología,12.062 ,2021-2021
Ciencias,Ciencia y Tecnología de los Alimentos,6.640 ,2011-2012
Ciencias,Ciencia y Tecnología de los Alimentos,8.443 ,2012-2013
Ciencias,Ciencia y Tecnología de los Alimentos,6.402 ,2013-2014
Ciencias,Ciencia y Tecnología de los Alimentos,6.670 ,2014-2015
Ciencias,Ciencia y Tecnología de los Alimentos,7.444 ,2015-2016
Ciencias,Ciencia y Tecnología de los Alimentos,8.476 ,2016-2017
Ciencias,Ciencia y Tecnología de los Alimentos,5.522 ,2017-2018
Ciencias,Ciencia y Tecnología de los Alimentos,8.067 ,2018-2019
Ciencias,Ciencia y Tecnología de los Alimentos,7.17 ,2019-2020
Ciencias,Ciencia y Tecnología de los Alimentos,7.718 ,2020-2021
Ciencias,Ciencia y Tecnología de los Alimentos,6.7 ,2020-2021
Ciencias,Ciencia y Tecnología de los Alimentos,7.149 ,2021-2021
Ciencias,Ciencias Ambientales,6.316 ,2011-2012
Ciencias,Ciencias Ambientales,5.003 ,2012-2013
Ciencias,Ciencias Ambientales,5.208 ,2013-2014
Ciencias,Ciencias Ambientales,7.270 ,2014-2015
Ciencias,Ciencias Ambientales,5.926 ,2015-2016
Ciencias,Ciencias Ambientales,6.002 ,2016-2017
Ciencias,Ciencias Ambientales,5.249 ,2017-2018
Ciencias,Ciencias Ambientales,5.693 ,2018-2019
Ciencias,Ciencias Ambientales,6.4 ,2019-2020
Ciencias,Ciencias Ambientales,7.31 ,2020-2021
Ciencias,Ciencias Ambientales,6.602 ,2020-2021
Ciencias,Ciencias Ambientales,5.658 ,2021-2021
Ciencias,Física,5.284 ,2011-2012
Ciencias,Física,6.63 ,2012-2013
Ciencias,Física,8.063 ,2013-2014
Ciencias,Física,5.370<,2014-2015
Ciencias,Física,7.99 ,2015-2016
Ciencias,Física,7.713 ,2016-2017
Ciencias,Física,8.57 ,2017-2018
Ciencias,Física,10.415 ,2018-2019
Ciencias,Física,10.756 ,2019-2020
Ciencias,Física,11 ,2020-2021
Ciencias,Física,11.773 ,2020-2021
Ciencias,Física,11.083 ,2021-2021
Ciencias,Matemáticas,5.534 ,2011-2012
Ciencias,Matemáticas,5 ,2012-2013
Ciencias,Matemáticas,5 ,2013-2014
Ciencias,Matemáticas,6.051 ,2014-2015
Ciencias,Matemáticas,6.41 ,2015-2016
Ciencias,Matemáticas,6.389 ,2016-2017
Ciencias,Matemáticas,8.179 ,2017-2018
Ciencias,Matemáticas,9.89 ,2018-2019
Ciencias,Matemáticas,11.067 ,2019-2020
Ciencias,Matemáticas,11.853 ,2020-2021
Ciencias,Matemáticas,12.516 ,2020-2021
Ciencias,Matemáticas,11.607 ,2021-2021
Ciencias,Química,5.326 ,2011-2012
Ciencias,Química,6.276 ,2012-2013
Ciencias,Química,6.889 ,2013-2014
Ciencias,Química,6.749 ,2014-2015
Ciencias,Química,7.537 ,2015-2016
Ciencias,Química,7.115 ,2016-2017
Ciencias,Química,7.867 ,2017-2018
Ciencias,Química,9.425 ,2018-2019
Ciencias,Química,10.048 ,2019-2020
Ciencias,Química,9.397 ,2020-2021
Ciencias,Química,8.253 ,2020-2021
Ciencias,Química,8.991 ,2021-2021
Ciencias,PCEO Matemáticas e Ingeniería Informática,5.904 ,2011-2012
Ciencias,PCEO Matemáticas e Ingeniería Informática,7.095 ,2012-2013
Ciencias,PCEO Matemáticas e Ingeniería Informática,6.086 ,2013-2014
Ciencias,PCEO Matemáticas e Ingeniería Informática,8 ,2014-2015
Ciencias,PCEO Matemáticas e Ingeniería Informática,6.164 ,2015-2016
Ciencias,PCEO Matemáticas e Ingeniería Informática,8.181 ,2016-2017
Ciencias,PCEO Matemáticas e Ingeniería Informática,10.706 ,2017-2018
Ciencias,PCEO Matemáticas e Ingeniería Informática,12.306 ,2018-2019
Ciencias,PCEO Matemáticas e Ingeniería Informática,12.513 ,2019-2020
Ciencias,PCEO Matemáticas e Ingeniería Informática,12.868 ,2020-2021
Ciencias,PCEO Matemáticas e Ingeniería Informática,13.46 ,2020-2021
Ciencias,PCEO Matemáticas e Ingeniería Informática,13.104 ,2021-2021
Ciencias,PCEO Matemáticas y Física,nan,2011-2012
Ciencias,PCEO Matemáticas y Física,nan,2012-2013
Ciencias,PCEO Matemáticas y Física,nan,2013-2014
Ciencias,PCEO Matemáticas y Física,nan,2014-2015
Ciencias,PCEO Matemáticas y Física,nan,2015-2016
Ciencias,PCEO Matemáticas y Física,nan,2016-2017
Ciencias,PCEO Matemáticas y Física,nan,2017-2018
Ciencias,PCEO Matemáticas y Física,nan,2018-2019
Ciencias,PCEO Matemáticas y Física,nan,2019-2020
Ciencias,PCEO Matemáticas y Física,nan,2020-2021
Ciencias,PCEO Matemáticas y Física,13.480 ,2020-2021
Ciencias,PCEO Matemáticas y Física,13.651 ,2021-2021
Ciencias,PCEO Química e Ingeniería Química,nan,2011-2012
Ciencias,PCEO Química e Ingeniería Química,nan,2012-2013
Ciencias,PCEO Química e Ingeniería Química,nan,2013-2014
Ciencias,PCEO Química e Ingeniería Química,nan,2014-2015
Ciencias,PCEO Química e Ingeniería Química,nan,2015-2016
Ciencias,PCEO Química e Ingeniería Química,nan,2016-2017
Ciencias,PCEO Química e Ingeniería Química,nan,2017-2018
Ciencias,PCEO Química e Ingeniería Química,nan,2018-2019
Ciencias,PCEO Química e Ingeniería Química,nan,2019-2020
Ciencias,PCEO Química e Ingeniería Química,10.184 ,2020-2021
Ciencias,PCEO Química e Ingeniería Química,12.432 ,2020-2021
Ciencias,PCEO Química e Ingeniería Química,11.886 ,2021-2021
